IP地址,端口,TLS,数据中心,地区,城市,网络延迟
43.199.231.225,9009,TRUE,HKG,Asia Pacific,Hong Kong,108 ms
16.163.147.103,5986,TRUE,HKG,Asia Pacific,Hong Kong,108 ms
54.46.72.234,8007,TRUE,HKG,Asia Pacific,Hong Kong,127 ms
182.92.117.228,6443,TRUE,HKG,Asia Pacific,Hong Kong,17 ms
103.6.235.48,20174,TRUE,HKG,Asia Pacific,Hong Kong,241 ms
47.109.82.112,4431,TRUE,HKG,Asia Pacific,Hong Kong,25 ms
8.138.29.33,50001,TRUE,HKG,Asia Pacific,Hong Kong,29 ms
14.215.25.250,18080,TRUE,HKG,Asia Pacific,Hong Kong,35 ms
106.53.123.237,33334,TRUE,HKG,Asia Pacific,Hong Kong,35 ms
45.121.138.23,26688,TRUE,HKG,Asia Pacific,Hong Kong,46 ms
157.254.32.120,10122,TRUE,HKG,Asia Pacific,Hong Kong,50 ms
157.254.32.97,40003,TRUE,HKG,Asia Pacific,Hong Kong,54 ms
157.254.32.139,19800,TRUE,HKG,Asia Pacific,Hong Kong,54 ms
43.161.227.251,60006,TRUE,HKG,Asia Pacific,Hong Kong,55 ms
183.251.223.39,1234,TRUE,HKG,Asia Pacific,Hong Kong,56 ms
103.30.78.25,19666,TRUE,HKG,Asia Pacific,Hong Kong,56 ms
47.57.190.228,8388,TRUE,HKG,Asia Pacific,Hong Kong,57 ms
46.3.108.54,2832,TRUE,HKG,Asia Pacific,Hong Kong,61 ms
46.3.104.246,10099,TRUE,HKG,Asia Pacific,Hong Kong,62 ms
5.253.16.162,4430,TRUE,HKG,Asia Pacific,Hong Kong,62 ms
46.3.104.144,7443,TRUE,HKG,Asia Pacific,Hong Kong,64 ms
103.27.79.92,49501,TRUE,HKG,Asia Pacific,Hong Kong,66 ms
103.30.76.212,666,TRUE,HKG,Asia Pacific,Hong Kong,68 ms
23.141.12.71,8448,TRUE,HKG,Asia Pacific,Hong Kong,82 ms
194.29.187.90,843,TRUE,HKG,Asia Pacific,Hong Kong,85 ms
111.39.139.135,3001,TRUE,HKG,Asia Pacific,Hong Kong,90 ms
51.195.199.65,700,TRUE,LHR,Europe,London,168 ms
198.1.242.72,13324,TRUE,LHR,Europe,London,172 ms
198.1.242.194,20201,TRUE,LHR,Europe,London,181 ms
143.20.231.134,20185,TRUE,LHR,Europe,London,184 ms
198.1.242.207,20037,TRUE,LHR,Europe,London,184 ms
198.1.242.91,12036,TRUE,LHR,Europe,London,185 ms
198.1.242.209,11371,TRUE,LHR,Europe,London,185 ms
143.20.231.218,14330,TRUE,LHR,Europe,London,186 ms
198.1.242.91,14891,TRUE,LHR,Europe,London,186 ms
198.1.242.194,20176,TRUE,LHR,Europe,London,188 ms
143.20.231.156,20049,TRUE,LHR,Europe,London,188 ms
198.1.242.74,11581,TRUE,LHR,Europe,London,188 ms
198.1.242.194,14891,TRUE,LHR,Europe,London,189 ms
198.1.242.202,20041,TRUE,LHR,Europe,London,190 ms
198.1.242.202,20193,TRUE,LHR,Europe,London,190 ms
198.1.242.222,20041,TRUE,LHR,Europe,London,190 ms
198.1.242.92,14891,TRUE,LHR,Europe,London,192 ms
143.20.231.196,11701,TRUE,LHR,Europe,London,194 ms
143.20.231.120,20167,TRUE,LHR,Europe,London,194 ms
198.1.242.73,20104,TRUE,LHR,Europe,London,195 ms
198.1.242.70,20211,TRUE,LHR,Europe,London,195 ms
143.20.231.119,20133,TRUE,LHR,Europe,London,196 ms
198.1.242.213,20201,TRUE,LHR,Europe,London,197 ms
198.1.242.93,20202,TRUE,LHR,Europe,London,197 ms
198.1.242.74,20116,TRUE,LHR,Europe,London,198 ms
198.1.242.222,12168,TRUE,LHR,Europe,London,198 ms
198.1.242.211,18113,TRUE,LHR,Europe,London,198 ms
143.20.231.51,20183,TRUE,LHR,Europe,London,198 ms
198.1.242.66,20012,TRUE,LHR,Europe,London,199 ms
198.1.242.79,20167,TRUE,LHR,Europe,London,199 ms
198.1.242.215,20140,TRUE,LHR,Europe,London,199 ms
198.1.242.87,20041,TRUE,LHR,Europe,London,199 ms
143.20.231.194,20146,TRUE,LHR,Europe,London,200 ms
198.1.242.215,20224,TRUE,LHR,Europe,London,201 ms
143.20.231.208,20183,TRUE,LHR,Europe,London,201 ms
198.1.242.216,20202,TRUE,LHR,Europe,London,201 ms
198.1.242.211,20076,TRUE,LHR,Europe,London,201 ms
143.20.231.220,20145,TRUE,LHR,Europe,London,201 ms
198.1.242.212,20202,TRUE,LHR,Europe,London,202 ms
198.1.242.90,20041,TRUE,LHR,Europe,London,203 ms
198.1.242.80,20148,TRUE,LHR,Europe,London,203 ms
198.1.242.71,11401,TRUE,LHR,Europe,London,203 ms
143.20.231.115,20149,TRUE,LHR,Europe,London,203 ms
198.1.242.198,20235,TRUE,LHR,Europe,London,203 ms
198.1.242.83,20027,TRUE,LHR,Europe,London,204 ms
198.1.242.202,12343,TRUE,LHR,Europe,London,204 ms
198.1.242.213,20155,TRUE,LHR,Europe,London,204 ms
198.1.242.69,20240,TRUE,LHR,Europe,London,204 ms
198.1.242.203,20073,TRUE,LHR,Europe,London,204 ms
87.106.188.33,1515,TRUE,LHR,Europe,London,204 ms
198.1.242.207,20148,TRUE,LHR,Europe,London,204 ms
198.1.242.196,20203,TRUE,LHR,Europe,London,204 ms
143.20.231.109,12110,TRUE,LHR,Europe,London,204 ms
143.20.231.195,20224,TRUE,LHR,Europe,London,205 ms
143.20.231.125,20168,TRUE,LHR,Europe,London,205 ms
143.20.231.196,20208,TRUE,LHR,Europe,London,205 ms
143.20.231.158,20027,TRUE,LHR,Europe,London,205 ms
198.1.242.75,20037,TRUE,LHR,Europe,London,205 ms
198.1.242.199,20213,TRUE,LHR,Europe,London,205 ms
143.20.231.36,20205,TRUE,LHR,Europe,London,206 ms
143.20.231.212,20020,TRUE,LHR,Europe,London,206 ms
143.20.231.36,20061,TRUE,LHR,Europe,London,206 ms
198.1.242.72,20037,TRUE,LHR,Europe,London,206 ms
198.1.242.206,20235,TRUE,LHR,Europe,London,206 ms
198.1.242.210,20043,TRUE,LHR,Europe,London,206 ms
198.1.242.205,12036,TRUE,LHR,Europe,London,206 ms
143.20.231.160,20201,TRUE,LHR,Europe,London,206 ms
198.1.242.204,11401,TRUE,LHR,Europe,London,206 ms
198.1.242.88,20119,TRUE,LHR,Europe,London,207 ms
198.1.242.66,20221,TRUE,LHR,Europe,London,207 ms
198.1.242.220,20221,TRUE,LHR,Europe,London,207 ms
143.20.231.220,17498,TRUE,LHR,Europe,London,207 ms
198.1.242.88,20167,TRUE,LHR,Europe,London,207 ms
143.20.231.132,20201,TRUE,LHR,Europe,London,207 ms
198.1.242.203,20213,TRUE,LHR,Europe,London,207 ms
198.1.242.86,20076,TRUE,LHR,Europe,London,208 ms
198.1.242.95,12288,TRUE,LHR,Europe,London,208 ms
143.20.231.153,20201,TRUE,LHR,Europe,London,209 ms
143.20.231.99,11401,TRUE,LHR,Europe,London,209 ms
198.1.242.81,20176,TRUE,LHR,Europe,London,209 ms
198.1.242.68,20195,TRUE,LHR,Europe,London,209 ms
143.20.231.156,20142,TRUE,LHR,Europe,London,210 ms
198.1.242.73,20073,TRUE,LHR,Europe,London,210 ms
57.129.131.168,8080,TRUE,LHR,Europe,London,210 ms
198.1.242.201,20244,TRUE,LHR,Europe,London,210 ms
143.20.231.51,11701,TRUE,LHR,Europe,London,210 ms
143.20.231.138,12123,TRUE,LHR,Europe,London,210 ms
143.20.231.193,20127,TRUE,LHR,Europe,London,211 ms
143.20.231.47,20061,TRUE,LHR,Europe,London,211 ms
143.20.231.222,11581,TRUE,LHR,Europe,London,211 ms
198.1.242.217,12288,TRUE,LHR,Europe,London,212 ms
143.20.231.211,20208,TRUE,LHR,Europe,London,212 ms
143.20.231.153,20149,TRUE,LHR,Europe,London,212 ms
143.20.231.221,20023,TRUE,LHR,Europe,London,212 ms
198.1.242.218,20076,TRUE,LHR,Europe,London,212 ms
143.20.231.43,20174,TRUE,LHR,Europe,London,212 ms
198.1.242.79,20176,TRUE,LHR,Europe,London,212 ms
198.1.242.80,20122,TRUE,LHR,Europe,London,212 ms
198.1.242.206,20124,TRUE,LHR,Europe,London,212 ms
198.1.242.212,20155,TRUE,LHR,Europe,London,212 ms
143.20.231.36,20012,TRUE,LHR,Europe,London,212 ms
143.20.231.201,20213,TRUE,LHR,Europe,London,213 ms
198.1.242.220,18011,TRUE,LHR,Europe,London,213 ms
143.20.231.113,20091,TRUE,LHR,Europe,London,213 ms
198.1.242.222,20148,TRUE,LHR,Europe,London,213 ms
198.1.242.204,20172,TRUE,LHR,Europe,London,213 ms
198.1.242.91,11581,TRUE,LHR,Europe,London,213 ms
198.1.242.66,20202,TRUE,LHR,Europe,London,213 ms
143.20.231.39,20079,TRUE,LHR,Europe,London,213 ms
198.1.242.218,20240,TRUE,LHR,Europe,London,213 ms
143.20.231.60,20213,TRUE,LHR,Europe,London,213 ms
143.20.231.203,18083,TRUE,LHR,Europe,London,213 ms
143.20.231.103,20133,TRUE,LHR,Europe,London,213 ms
143.20.231.214,20043,TRUE,LHR,Europe,London,213 ms
143.20.231.144,11581,TRUE,LHR,Europe,London,213 ms
198.1.242.78,20201,TRUE,LHR,Europe,London,213 ms
51.195.235.123,8080,TRUE,LHR,Europe,London,213 ms
143.20.231.60,20041,TRUE,LHR,Europe,London,213 ms
198.1.242.220,20172,TRUE,LHR,Europe,London,214 ms
198.1.242.78,20027,TRUE,LHR,Europe,London,214 ms
198.1.242.73,20035,TRUE,LHR,Europe,London,214 ms
198.1.242.201,15000,TRUE,LHR,Europe,London,214 ms
198.1.242.81,12343,TRUE,LHR,Europe,London,214 ms
198.1.242.195,20235,TRUE,LHR,Europe,London,214 ms
143.20.231.218,20146,TRUE,LHR,Europe,London,214 ms
198.1.242.67,12265,TRUE,LHR,Europe,London,214 ms
198.1.242.215,20076,TRUE,LHR,Europe,London,214 ms
143.20.231.99,20112,TRUE,LHR,Europe,London,214 ms
198.1.242.218,13324,TRUE,LHR,Europe,London,214 ms
198.1.242.218,18080,TRUE,LHR,Europe,London,214 ms
198.1.242.213,20238,TRUE,LHR,Europe,London,214 ms
143.20.231.105,20041,TRUE,LHR,Europe,London,214 ms
198.1.242.67,20148,TRUE,LHR,Europe,London,214 ms
198.1.242.206,20148,TRUE,LHR,Europe,London,214 ms
143.20.231.40,20069,TRUE,LHR,Europe,London,214 ms
198.1.242.220,20126,TRUE,LHR,Europe,London,215 ms
198.1.242.196,20076,TRUE,LHR,Europe,London,215 ms
198.1.242.216,20048,TRUE,LHR,Europe,London,215 ms
143.20.231.111,20027,TRUE,LHR,Europe,London,215 ms
198.1.242.218,20249,TRUE,LHR,Europe,London,215 ms
198.1.242.196,19000,TRUE,LHR,Europe,London,215 ms
143.20.231.102,13080,TRUE,LHR,Europe,London,215 ms
143.20.231.140,20170,TRUE,LHR,Europe,London,215 ms
198.1.242.69,12001,TRUE,LHR,Europe,London,215 ms
198.1.242.223,11371,TRUE,LHR,Europe,London,215 ms
198.1.242.67,20221,TRUE,LHR,Europe,London,215 ms
143.20.231.220,11581,TRUE,LHR,Europe,London,215 ms
198.1.242.77,20104,TRUE,LHR,Europe,London,215 ms
198.1.242.204,11581,TRUE,LHR,Europe,London,215 ms
143.20.231.59,13080,TRUE,LHR,Europe,London,215 ms
143.20.231.39,20205,TRUE,LHR,Europe,London,215 ms
198.1.242.204,20126,TRUE,LHR,Europe,London,215 ms
198.1.242.211,20244,TRUE,LHR,Europe,London,215 ms
198.1.242.220,20238,TRUE,LHR,Europe,London,216 ms
198.1.242.72,20224,TRUE,LHR,Europe,London,216 ms
198.1.242.74,12265,TRUE,LHR,Europe,London,216 ms
198.1.242.83,20221,TRUE,LHR,Europe,London,216 ms
198.1.242.86,20041,TRUE,LHR,Europe,London,216 ms
143.20.231.148,11701,TRUE,LHR,Europe,London,216 ms
143.20.231.42,20043,TRUE,LHR,Europe,London,216 ms
143.20.231.54,20052,TRUE,LHR,Europe,London,216 ms
198.1.242.89,20171,TRUE,LHR,Europe,London,216 ms
198.1.242.76,20041,TRUE,LHR,Europe,London,216 ms
198.1.242.87,20077,TRUE,LHR,Europe,London,216 ms
143.20.231.108,20069,TRUE,LHR,Europe,London,216 ms
198.1.242.85,20213,TRUE,LHR,Europe,London,216 ms
198.1.242.215,20172,TRUE,LHR,Europe,London,216 ms
198.1.242.85,20240,TRUE,LHR,Europe,London,216 ms
143.20.231.102,20011,TRUE,LHR,Europe,London,216 ms
143.20.231.116,16992,TRUE,LHR,Europe,London,216 ms
198.1.242.201,20193,TRUE,LHR,Europe,London,216 ms
198.1.242.86,12343,TRUE,LHR,Europe,London,216 ms
143.20.231.220,20224,TRUE,LHR,Europe,London,216 ms
198.1.242.77,11581,TRUE,LHR,Europe,London,216 ms
143.20.231.210,20127,TRUE,LHR,Europe,London,216 ms
143.20.231.135,20167,TRUE,LHR,Europe,London,216 ms
143.20.231.49,12110,TRUE,LHR,Europe,London,216 ms
188.211.233.163,20037,TRUE,LHR,Europe,London,216 ms
143.20.231.54,20151,TRUE,LHR,Europe,London,216 ms
143.20.231.106,20093,TRUE,LHR,Europe,London,216 ms
143.20.231.152,20201,TRUE,LHR,Europe,London,216 ms
198.1.242.66,20017,TRUE,LHR,Europe,London,217 ms
143.20.231.36,20130,TRUE,LHR,Europe,London,217 ms
143.20.231.150,20010,TRUE,LHR,Europe,London,217 ms
198.1.242.211,19000,TRUE,LHR,Europe,London,217 ms
198.1.242.86,20228,TRUE,LHR,Europe,London,217 ms
198.1.242.88,18080,TRUE,LHR,Europe,London,217 ms
143.20.231.142,20179,TRUE,LHR,Europe,London,217 ms
198.1.242.201,11401,TRUE,LHR,Europe,London,217 ms
198.1.242.85,20037,TRUE,LHR,Europe,London,217 ms
198.1.242.201,20124,TRUE,LHR,Europe,London,217 ms
198.1.242.78,20148,TRUE,LHR,Europe,London,217 ms
198.1.242.88,20073,TRUE,LHR,Europe,London,217 ms
198.1.242.84,11581,TRUE,LHR,Europe,London,217 ms
185.184.70.85,10012,TRUE,LHR,Europe,London,217 ms
143.20.231.220,20146,TRUE,LHR,Europe,London,217 ms
198.1.242.195,20055,TRUE,LHR,Europe,London,217 ms
198.1.242.217,20238,TRUE,LHR,Europe,London,218 ms
198.1.242.89,20240,TRUE,LHR,Europe,London,218 ms
198.1.242.80,20027,TRUE,LHR,Europe,London,218 ms
198.1.242.207,18011,TRUE,LHR,Europe,London,218 ms
143.20.231.45,20027,TRUE,LHR,Europe,London,218 ms
198.1.242.83,20148,TRUE,LHR,Europe,London,218 ms
198.1.242.91,20044,TRUE,LHR,Europe,London,218 ms
198.1.242.85,14891,TRUE,LHR,Europe,London,218 ms
143.20.231.40,11401,TRUE,LHR,Europe,London,218 ms
198.1.242.87,14891,TRUE,LHR,Europe,London,218 ms
143.20.231.138,12110,TRUE,LHR,Europe,London,218 ms
198.1.242.76,20167,TRUE,LHR,Europe,London,218 ms
198.1.242.195,20249,TRUE,LHR,Europe,London,218 ms
198.1.242.197,14891,TRUE,LHR,Europe,London,218 ms
198.1.242.197,20193,TRUE,LHR,Europe,London,218 ms
143.20.231.133,13080,TRUE,LHR,Europe,London,218 ms
143.20.231.102,20122,TRUE,LHR,Europe,London,218 ms
198.1.242.85,20211,TRUE,LHR,Europe,London,218 ms
143.20.231.116,20074,TRUE,LHR,Europe,London,218 ms
143.20.231.135,20056,TRUE,LHR,Europe,London,218 ms
198.1.242.206,11581,TRUE,LHR,Europe,London,218 ms
198.1.242.85,20044,TRUE,LHR,Europe,London,218 ms
198.1.242.69,20201,TRUE,LHR,Europe,London,218 ms
198.1.242.219,20076,TRUE,LHR,Europe,London,218 ms
198.1.242.199,20035,TRUE,LHR,Europe,London,218 ms
143.20.231.50,11701,TRUE,LHR,Europe,London,218 ms
143.20.231.140,20179,TRUE,LHR,Europe,London,218 ms
143.20.231.38,20061,TRUE,LHR,Europe,London,218 ms
143.20.231.152,20145,TRUE,LHR,Europe,London,218 ms
198.1.242.84,12001,TRUE,LHR,Europe,London,218 ms
198.1.242.84,13323,TRUE,LHR,Europe,London,218 ms
198.1.242.94,14891,TRUE,LHR,Europe,London,218 ms
198.1.242.82,20201,TRUE,LHR,Europe,London,218 ms
198.1.242.209,20176,TRUE,LHR,Europe,London,218 ms
198.1.242.195,13324,TRUE,LHR,Europe,London,218 ms
198.1.242.220,20076,TRUE,LHR,Europe,London,219 ms
198.1.242.211,14891,TRUE,LHR,Europe,London,219 ms
143.20.231.212,20201,TRUE,LHR,Europe,London,219 ms
143.20.231.34,18080,TRUE,LHR,Europe,London,219 ms
143.20.231.204,20167,TRUE,LHR,Europe,London,219 ms
143.20.231.152,20056,TRUE,LHR,Europe,London,219 ms
198.1.242.76,20228,TRUE,LHR,Europe,London,219 ms
198.1.242.71,18113,TRUE,LHR,Europe,London,219 ms
143.20.231.210,14330,TRUE,LHR,Europe,London,219 ms
198.1.242.95,20126,TRUE,LHR,Europe,London,219 ms
57.128.171.102,8080,TRUE,LHR,Europe,London,219 ms
143.20.231.140,20119,TRUE,LHR,Europe,London,219 ms
143.20.231.113,11701,TRUE,LHR,Europe,London,219 ms
143.20.231.102,20176,TRUE,LHR,Europe,London,219 ms
143.20.231.195,20167,TRUE,LHR,Europe,London,219 ms
198.1.242.201,20238,TRUE,LHR,Europe,London,219 ms
143.20.231.138,20043,TRUE,LHR,Europe,London,219 ms
198.1.242.216,12288,TRUE,LHR,Europe,London,219 ms
198.1.242.221,12343,TRUE,LHR,Europe,London,219 ms
143.20.231.159,20119,TRUE,LHR,Europe,London,219 ms
143.20.231.49,20179,TRUE,LHR,Europe,London,219 ms
188.211.233.163,20046,TRUE,LHR,Europe,London,219 ms
143.20.231.195,20183,TRUE,LHR,Europe,London,219 ms
143.20.231.192,11581,TRUE,LHR,Europe,London,219 ms
198.1.242.69,20076,TRUE,LHR,Europe,London,219 ms
143.20.231.193,20027,TRUE,LHR,Europe,London,219 ms
143.20.231.214,20168,TRUE,LHR,Europe,London,219 ms
143.20.231.117,20133,TRUE,LHR,Europe,London,219 ms
143.20.231.220,20011,TRUE,LHR,Europe,London,219 ms
143.20.231.107,20168,TRUE,LHR,Europe,London,219 ms
198.1.242.206,14891,TRUE,LHR,Europe,London,219 ms
143.20.231.50,11401,TRUE,LHR,Europe,London,219 ms
143.20.231.48,20183,TRUE,LHR,Europe,London,219 ms
188.211.233.163,20126,TRUE,LHR,Europe,London,219 ms
143.20.231.46,13080,TRUE,LHR,Europe,London,220 ms
198.1.242.92,20041,TRUE,LHR,Europe,London,220 ms
143.20.231.39,20041,TRUE,LHR,Europe,London,220 ms
198.1.242.212,11581,TRUE,LHR,Europe,London,220 ms
143.20.231.47,20142,TRUE,LHR,Europe,London,220 ms
198.1.242.221,20124,TRUE,LHR,Europe,London,220 ms
198.1.242.201,20041,TRUE,LHR,Europe,London,220 ms
143.20.231.207,20010,TRUE,LHR,Europe,London,220 ms
143.20.231.35,18080,TRUE,LHR,Europe,London,220 ms
198.1.242.223,18001,TRUE,LHR,Europe,London,220 ms
143.20.231.215,20027,TRUE,LHR,Europe,London,220 ms
143.20.231.199,20123,TRUE,LHR,Europe,London,220 ms
198.1.242.211,20443,TRUE,LHR,Europe,London,220 ms
143.20.231.152,20202,TRUE,LHR,Europe,London,220 ms
198.1.242.218,20041,TRUE,LHR,Europe,London,220 ms
143.20.231.148,20146,TRUE,LHR,Europe,London,220 ms
143.20.231.140,20020,TRUE,LHR,Europe,London,220 ms
198.1.242.210,12265,TRUE,LHR,Europe,London,220 ms
198.1.242.95,11581,TRUE,LHR,Europe,London,220 ms
143.20.231.116,20179,TRUE,LHR,Europe,London,220 ms
143.20.231.49,20041,TRUE,LHR,Europe,London,220 ms
198.1.242.221,20176,TRUE,LHR,Europe,London,220 ms
198.1.242.95,20238,TRUE,LHR,Europe,London,220 ms
198.1.242.95,20122,TRUE,LHR,Europe,London,220 ms
143.20.231.57,20104,TRUE,LHR,Europe,London,220 ms
198.1.242.79,12168,TRUE,LHR,Europe,London,220 ms
143.20.231.144,20183,TRUE,LHR,Europe,London,220 ms
143.20.231.133,11333,TRUE,LHR,Europe,London,220 ms
198.1.242.209,20041,TRUE,LHR,Europe,London,220 ms
198.1.242.66,12166,TRUE,LHR,Europe,London,221 ms
198.1.242.216,12265,TRUE,LHR,Europe,London,221 ms
143.20.231.118,20119,TRUE,LHR,Europe,London,221 ms
143.20.231.205,20049,TRUE,LHR,Europe,London,221 ms
18.170.99.215,2055,TRUE,LHR,Europe,London,221 ms
143.20.231.37,18080,TRUE,LHR,Europe,London,221 ms
143.20.231.122,14330,TRUE,LHR,Europe,London,221 ms
143.20.231.41,20011,TRUE,LHR,Europe,London,221 ms
198.1.242.91,20055,TRUE,LHR,Europe,London,221 ms
143.20.231.56,20179,TRUE,LHR,Europe,London,221 ms
143.20.231.156,20185,TRUE,LHR,Europe,London,221 ms
143.20.231.119,11701,TRUE,LHR,Europe,London,221 ms
143.20.231.53,20142,TRUE,LHR,Europe,London,221 ms
143.20.231.203,18443,TRUE,LHR,Europe,London,221 ms
198.1.242.85,12343,TRUE,LHR,Europe,London,221 ms
198.1.242.214,18113,TRUE,LHR,Europe,London,221 ms
143.20.231.111,20179,TRUE,LHR,Europe,London,221 ms
198.1.242.76,20019,TRUE,LHR,Europe,London,221 ms
143.20.231.33,20142,TRUE,LHR,Europe,London,221 ms
198.1.242.71,20119,TRUE,LHR,Europe,London,221 ms
143.20.231.214,20179,TRUE,LHR,Europe,London,221 ms
198.1.242.209,20224,TRUE,LHR,Europe,London,221 ms
198.1.242.197,20249,TRUE,LHR,Europe,London,221 ms
198.1.242.197,20043,TRUE,LHR,Europe,London,221 ms
188.211.233.179,14003,TRUE,LHR,Europe,London,221 ms
143.20.231.205,20185,TRUE,LHR,Europe,London,221 ms
143.20.231.116,20076,TRUE,LHR,Europe,London,221 ms
198.1.242.73,20235,TRUE,LHR,Europe,London,222 ms
198.1.242.66,20126,TRUE,LHR,Europe,London,222 ms
198.1.242.203,20176,TRUE,LHR,Europe,London,222 ms
198.1.242.218,20073,TRUE,LHR,Europe,London,222 ms
198.1.242.208,20249,TRUE,LHR,Europe,London,222 ms
143.20.231.57,20119,TRUE,LHR,Europe,London,222 ms
198.1.242.213,11401,TRUE,LHR,Europe,London,222 ms
198.1.242.87,20076,TRUE,LHR,Europe,London,222 ms
198.1.242.202,20238,TRUE,LHR,Europe,London,222 ms
198.1.242.75,20238,TRUE,LHR,Europe,London,222 ms
143.20.231.57,12110,TRUE,LHR,Europe,London,222 ms
143.20.231.144,20146,TRUE,LHR,Europe,London,222 ms
198.1.242.79,20037,TRUE,LHR,Europe,London,222 ms
143.20.231.146,20146,TRUE,LHR,Europe,London,222 ms
198.1.242.221,12036,TRUE,LHR,Europe,London,222 ms
143.20.231.213,20213,TRUE,LHR,Europe,London,222 ms
198.1.242.79,20076,TRUE,LHR,Europe,London,222 ms
198.1.242.215,20073,TRUE,LHR,Europe,London,222 ms
143.20.231.39,20122,TRUE,LHR,Europe,London,222 ms
198.1.242.71,20195,TRUE,LHR,Europe,London,222 ms
143.20.231.143,20179,TRUE,LHR,Europe,London,222 ms
198.1.242.75,18011,TRUE,LHR,Europe,London,222 ms
198.1.242.79,20041,TRUE,LHR,Europe,London,222 ms
143.20.231.107,20167,TRUE,LHR,Europe,London,222 ms
198.1.242.223,20148,TRUE,LHR,Europe,London,222 ms
198.1.242.92,14003,TRUE,LHR,Europe,London,222 ms
143.20.231.145,12123,TRUE,LHR,Europe,London,222 ms
143.20.231.212,20168,TRUE,LHR,Europe,London,222 ms
143.20.231.115,14891,TRUE,LHR,Europe,London,222 ms
198.1.242.69,20235,TRUE,LHR,Europe,London,222 ms
198.1.242.95,12001,TRUE,LHR,Europe,London,222 ms
80.93.199.10,60001,TRUE,LHR,Europe,London,222 ms
143.20.231.218,20176,TRUE,LHR,Europe,London,222 ms
198.1.242.94,20176,TRUE,LHR,Europe,London,222 ms
198.1.242.83,11401,TRUE,LHR,Europe,London,223 ms
143.20.231.140,20149,TRUE,LHR,Europe,London,223 ms
143.20.231.104,12123,TRUE,LHR,Europe,London,223 ms
198.1.242.213,20076,TRUE,LHR,Europe,London,223 ms
143.20.231.99,14330,TRUE,LHR,Europe,London,223 ms
198.1.242.77,14891,TRUE,LHR,Europe,London,223 ms
143.20.231.47,11333,TRUE,LHR,Europe,London,223 ms
143.20.231.210,20020,TRUE,LHR,Europe,London,223 ms
198.1.242.79,20195,TRUE,LHR,Europe,London,223 ms
198.1.242.212,11401,TRUE,LHR,Europe,London,223 ms
143.20.231.132,20112,TRUE,LHR,Europe,London,223 ms
143.20.231.210,17772,TRUE,LHR,Europe,London,223 ms
143.20.231.202,14330,TRUE,LHR,Europe,London,223 ms
143.20.231.53,20170,TRUE,LHR,Europe,London,223 ms
198.1.242.194,11401,TRUE,LHR,Europe,London,223 ms
198.1.242.201,11581,TRUE,LHR,Europe,London,223 ms
198.1.242.84,20126,TRUE,LHR,Europe,London,223 ms
143.20.231.131,20167,TRUE,LHR,Europe,London,223 ms
198.1.242.71,20116,TRUE,LHR,Europe,London,223 ms
143.20.231.112,12123,TRUE,LHR,Europe,London,223 ms
198.1.242.217,20224,TRUE,LHR,Europe,London,224 ms
198.1.242.214,12168,TRUE,LHR,Europe,London,224 ms
198.1.242.91,20235,TRUE,LHR,Europe,London,224 ms
143.20.231.150,20103,TRUE,LHR,Europe,London,224 ms
198.1.242.93,14891,TRUE,LHR,Europe,London,224 ms
143.20.231.152,20213,TRUE,LHR,Europe,London,224 ms
143.20.231.202,20208,TRUE,LHR,Europe,London,224 ms
143.20.231.121,20000,TRUE,LHR,Europe,London,224 ms
143.20.231.142,20000,TRUE,LHR,Europe,London,224 ms
198.1.242.79,20235,TRUE,LHR,Europe,London,224 ms
198.1.242.90,20172,TRUE,LHR,Europe,London,224 ms
198.1.242.209,20126,TRUE,LHR,Europe,London,224 ms
198.1.242.79,18113,TRUE,LHR,Europe,London,224 ms
143.20.231.152,20104,TRUE,LHR,Europe,London,224 ms
198.1.242.206,20152,TRUE,LHR,Europe,London,224 ms
143.20.231.203,20046,TRUE,LHR,Europe,London,224 ms
198.1.242.78,13323,TRUE,LHR,Europe,London,224 ms
143.20.231.42,20151,TRUE,LHR,Europe,London,224 ms
198.1.242.214,20195,TRUE,LHR,Europe,London,224 ms
198.1.242.206,20035,TRUE,LHR,Europe,London,224 ms
143.20.231.151,20208,TRUE,LHR,Europe,London,224 ms
198.1.242.201,18080,TRUE,LHR,Europe,London,224 ms
143.20.231.203,20202,TRUE,LHR,Europe,London,224 ms
198.1.242.223,20103,TRUE,LHR,Europe,London,224 ms
38.180.64.7,2056,TRUE,LHR,Europe,London,225 ms
143.20.231.154,20185,TRUE,LHR,Europe,London,225 ms
198.1.242.219,20041,TRUE,LHR,Europe,London,225 ms
143.20.231.133,20104,TRUE,LHR,Europe,London,225 ms
198.1.242.78,18110,TRUE,LHR,Europe,London,225 ms
143.20.231.202,12123,TRUE,LHR,Europe,London,225 ms
198.1.242.70,12168,TRUE,LHR,Europe,London,225 ms
198.1.242.79,20119,TRUE,LHR,Europe,London,225 ms
198.1.242.221,20213,TRUE,LHR,Europe,London,225 ms
198.1.242.71,12265,TRUE,LHR,Europe,London,225 ms
143.20.231.46,20093,TRUE,LHR,Europe,London,225 ms
143.20.231.141,20027,TRUE,LHR,Europe,London,225 ms
143.20.231.112,20112,TRUE,LHR,Europe,London,225 ms
143.20.231.95,20000,TRUE,LHR,Europe,London,225 ms
143.20.231.46,20185,TRUE,LHR,Europe,London,225 ms
143.20.231.195,14330,TRUE,LHR,Europe,London,225 ms
198.1.242.210,20041,TRUE,LHR,Europe,London,225 ms
143.20.231.151,20213,TRUE,LHR,Europe,London,225 ms
198.1.242.75,20228,TRUE,LHR,Europe,London,225 ms
143.20.231.193,20123,TRUE,LHR,Europe,London,225 ms
143.20.231.50,14330,TRUE,LHR,Europe,London,225 ms
143.20.231.202,20145,TRUE,LHR,Europe,London,225 ms
143.20.231.53,20061,TRUE,LHR,Europe,London,225 ms
198.1.242.76,20221,TRUE,LHR,Europe,London,225 ms
143.20.231.155,20149,TRUE,LHR,Europe,London,225 ms
143.20.231.117,20049,TRUE,LHR,Europe,London,225 ms
198.1.242.206,20201,TRUE,LHR,Europe,London,225 ms
198.1.242.212,18080,TRUE,LHR,Europe,London,225 ms
143.20.231.110,20112,TRUE,LHR,Europe,London,225 ms
143.20.231.193,20041,TRUE,LHR,Europe,London,225 ms
188.211.233.163,13323,TRUE,LHR,Europe,London,225 ms
143.20.231.135,20122,TRUE,LHR,Europe,London,225 ms
143.20.231.143,11581,TRUE,LHR,Europe,London,225 ms
198.1.242.85,12288,TRUE,LHR,Europe,London,225 ms
198.1.242.82,20176,TRUE,LHR,Europe,London,225 ms
143.20.231.49,11401,TRUE,LHR,Europe,London,226 ms
198.1.242.78,20119,TRUE,LHR,Europe,London,226 ms
143.20.231.103,20167,TRUE,LHR,Europe,London,226 ms
198.1.242.81,20221,TRUE,LHR,Europe,London,226 ms
198.1.242.196,20035,TRUE,LHR,Europe,London,226 ms
198.1.242.82,20211,TRUE,LHR,Europe,London,226 ms
198.1.242.221,20224,TRUE,LHR,Europe,London,226 ms
198.1.242.215,18080,TRUE,LHR,Europe,London,226 ms
143.20.231.34,20052,TRUE,LHR,Europe,London,226 ms
198.1.242.95,20037,TRUE,LHR,Europe,London,226 ms
143.20.231.203,18264,TRUE,LHR,Europe,London,226 ms
143.20.231.108,20213,TRUE,LHR,Europe,London,226 ms
198.1.242.78,18080,TRUE,LHR,Europe,London,226 ms
143.20.231.39,11701,TRUE,LHR,Europe,London,226 ms
198.1.242.94,20113,TRUE,LHR,Europe,London,226 ms
198.1.242.76,20116,TRUE,LHR,Europe,London,226 ms
198.1.242.223,13324,TRUE,LHR,Europe,London,226 ms
198.1.242.212,12288,TRUE,LHR,Europe,London,226 ms
143.20.231.149,20012,TRUE,LHR,Europe,London,226 ms
188.211.233.163,20230,TRUE,LHR,Europe,London,226 ms
198.1.242.76,12036,TRUE,LHR,Europe,London,226 ms
188.211.233.163,20190,TRUE,LHR,Europe,London,226 ms
143.20.231.143,20185,TRUE,LHR,Europe,London,226 ms
198.1.242.201,20224,TRUE,LHR,Europe,London,226 ms
198.1.242.72,20148,TRUE,LHR,Europe,London,227 ms
143.20.231.52,18082,TRUE,LHR,Europe,London,227 ms
198.1.242.73,20196,TRUE,LHR,Europe,London,227 ms
198.1.242.195,20119,TRUE,LHR,Europe,London,227 ms
143.20.231.219,20122,TRUE,LHR,Europe,London,227 ms
198.1.242.195,20155,TRUE,LHR,Europe,London,227 ms
198.1.242.94,12168,TRUE,LHR,Europe,London,227 ms
143.20.231.40,20046,TRUE,LHR,Europe,London,227 ms
143.20.231.112,20119,TRUE,LHR,Europe,London,227 ms
198.1.242.69,20172,TRUE,LHR,Europe,London,227 ms
143.20.231.117,20079,TRUE,LHR,Europe,London,227 ms
143.20.231.143,20208,TRUE,LHR,Europe,London,227 ms
143.20.231.97,20170,TRUE,LHR,Europe,London,227 ms
198.1.242.209,20201,TRUE,LHR,Europe,London,227 ms
143.20.231.145,20011,TRUE,LHR,Europe,London,227 ms
143.20.231.204,14330,TRUE,LHR,Europe,London,227 ms
198.1.242.69,18113,TRUE,LHR,Europe,London,227 ms
143.20.231.123,20179,TRUE,LHR,Europe,London,227 ms
198.1.242.209,20152,TRUE,LHR,Europe,London,227 ms
198.1.242.210,20176,TRUE,LHR,Europe,London,227 ms
143.20.231.131,20179,TRUE,LHR,Europe,London,227 ms
198.1.242.212,19000,TRUE,LHR,Europe,London,227 ms
198.1.242.66,20224,TRUE,LHR,Europe,London,228 ms
198.1.242.93,20211,TRUE,LHR,Europe,London,228 ms
143.20.231.97,20133,TRUE,LHR,Europe,London,228 ms
143.20.231.145,11581,TRUE,LHR,Europe,London,228 ms
143.20.231.122,20141,TRUE,LHR,Europe,London,228 ms
198.1.242.208,11401,TRUE,LHR,Europe,London,228 ms
198.1.242.197,20116,TRUE,LHR,Europe,London,228 ms
143.20.231.33,20112,TRUE,LHR,Europe,London,228 ms
198.1.242.69,20167,TRUE,LHR,Europe,London,228 ms
143.20.231.97,20104,TRUE,LHR,Europe,London,228 ms
188.211.233.163,20052,TRUE,LHR,Europe,London,228 ms
198.1.242.75,12288,TRUE,LHR,Europe,London,228 ms
198.1.242.208,20148,TRUE,LHR,Europe,London,228 ms
198.1.242.77,18113,TRUE,LHR,Europe,London,228 ms
198.1.242.77,20126,TRUE,LHR,Europe,London,228 ms
143.20.231.144,18083,TRUE,LHR,Europe,London,228 ms
143.20.231.204,20149,TRUE,LHR,Europe,London,228 ms
143.20.231.215,20224,TRUE,LHR,Europe,London,228 ms
143.20.231.111,11401,TRUE,LHR,Europe,London,228 ms
143.20.231.110,20151,TRUE,LHR,Europe,London,228 ms
143.20.231.193,18080,TRUE,LHR,Europe,London,228 ms
198.1.242.95,20195,TRUE,LHR,Europe,London,228 ms
198.1.242.218,20235,TRUE,LHR,Europe,London,228 ms
143.20.231.137,20151,TRUE,LHR,Europe,London,228 ms
198.1.242.66,20046,TRUE,LHR,Europe,London,229 ms
198.1.242.81,14891,TRUE,LHR,Europe,London,229 ms
143.20.231.57,20179,TRUE,LHR,Europe,London,229 ms
198.1.242.205,20076,TRUE,LHR,Europe,London,229 ms
143.20.231.195,20027,TRUE,LHR,Europe,London,229 ms
198.1.242.209,20235,TRUE,LHR,Europe,London,229 ms
198.1.242.71,12036,TRUE,LHR,Europe,London,229 ms
198.1.242.89,20228,TRUE,LHR,Europe,London,229 ms
198.1.242.214,20201,TRUE,LHR,Europe,London,229 ms
198.1.242.82,20019,TRUE,LHR,Europe,London,229 ms
198.1.242.219,18111,TRUE,LHR,Europe,London,229 ms
198.1.242.77,13323,TRUE,LHR,Europe,London,229 ms
198.1.242.71,11581,TRUE,LHR,Europe,London,229 ms
198.1.242.79,20126,TRUE,LHR,Europe,London,229 ms
198.1.242.218,20048,TRUE,LHR,Europe,London,229 ms
198.1.242.75,20202,TRUE,LHR,Europe,London,229 ms
143.20.231.43,11701,TRUE,LHR,Europe,London,229 ms
143.20.231.207,14400,TRUE,LHR,Europe,London,229 ms
198.1.242.75,20224,TRUE,LHR,Europe,London,229 ms
143.20.231.54,20027,TRUE,LHR,Europe,London,229 ms
143.20.231.216,20076,TRUE,LHR,Europe,London,229 ms
143.20.231.44,11401,TRUE,LHR,Europe,London,229 ms
143.20.231.112,20046,TRUE,LHR,Europe,London,229 ms
198.1.242.85,20443,TRUE,LHR,Europe,London,229 ms
143.20.231.208,20027,TRUE,LHR,Europe,London,229 ms
143.20.231.142,20093,TRUE,LHR,Europe,London,229 ms
143.20.231.138,18443,TRUE,LHR,Europe,London,229 ms
143.20.231.136,13080,TRUE,LHR,Europe,London,229 ms
198.1.242.198,20224,TRUE,LHR,Europe,London,230 ms
198.1.242.211,20044,TRUE,LHR,Europe,London,230 ms
143.20.231.153,20185,TRUE,LHR,Europe,London,230 ms
198.1.242.89,20041,TRUE,LHR,Europe,London,230 ms
198.1.242.88,20076,TRUE,LHR,Europe,London,230 ms
198.1.242.94,20017,TRUE,LHR,Europe,London,230 ms
198.1.242.215,20176,TRUE,LHR,Europe,London,230 ms
198.1.242.203,20126,TRUE,LHR,Europe,London,230 ms
198.1.242.69,20000,TRUE,LHR,Europe,London,230 ms
198.1.242.66,20228,TRUE,LHR,Europe,London,230 ms
198.1.242.69,12288,TRUE,LHR,Europe,London,230 ms
143.20.231.96,11701,TRUE,LHR,Europe,London,230 ms
198.1.242.75,18113,TRUE,LHR,Europe,London,230 ms
198.1.242.221,20073,TRUE,LHR,Europe,London,230 ms
188.211.233.163,20196,TRUE,LHR,Europe,London,230 ms
198.1.242.82,20125,TRUE,LHR,Europe,London,230 ms
143.20.231.60,20073,TRUE,LHR,Europe,London,230 ms
198.1.242.75,20137,TRUE,LHR,Europe,London,230 ms
198.1.242.68,20017,TRUE,LHR,Europe,London,230 ms
143.20.231.135,20201,TRUE,LHR,Europe,London,230 ms
143.20.231.50,16992,TRUE,LHR,Europe,London,230 ms
198.1.242.205,14891,TRUE,LHR,Europe,London,231 ms
198.1.242.198,11581,TRUE,LHR,Europe,London,231 ms
198.1.242.83,13323,TRUE,LHR,Europe,London,231 ms
198.1.242.69,18110,TRUE,LHR,Europe,London,231 ms
198.1.242.76,20037,TRUE,LHR,Europe,London,231 ms
198.1.242.91,20202,TRUE,LHR,Europe,London,231 ms
198.1.242.69,20228,TRUE,LHR,Europe,London,231 ms
143.20.231.158,20224,TRUE,LHR,Europe,London,231 ms
198.1.242.212,20126,TRUE,LHR,Europe,London,231 ms
143.20.231.57,11401,TRUE,LHR,Europe,London,231 ms
198.1.242.194,20119,TRUE,LHR,Europe,London,231 ms
198.1.242.197,20176,TRUE,LHR,Europe,London,231 ms
143.20.231.122,20046,TRUE,LHR,Europe,London,231 ms
198.1.242.89,20213,TRUE,LHR,Europe,London,231 ms
138.68.133.176,2080,TRUE,LHR,Europe,London,231 ms
143.20.231.138,11333,TRUE,LHR,Europe,London,231 ms
143.20.231.198,11581,TRUE,LHR,Europe,London,231 ms
198.1.242.75,20148,TRUE,LHR,Europe,London,231 ms
138.68.175.102,1818,TRUE,LHR,Europe,London,231 ms
38.180.64.7,2052,TRUE,LHR,Europe,London,232 ms
198.1.242.195,20017,TRUE,LHR,Europe,London,232 ms
198.1.242.202,12036,TRUE,LHR,Europe,London,232 ms
198.1.242.200,20221,TRUE,LHR,Europe,London,232 ms
143.20.231.198,20213,TRUE,LHR,Europe,London,232 ms
143.20.231.200,20044,TRUE,LHR,Europe,London,232 ms
198.1.242.201,20235,TRUE,LHR,Europe,London,232 ms
198.1.242.219,20148,TRUE,LHR,Europe,London,232 ms
198.1.242.82,12001,TRUE,LHR,Europe,London,232 ms
198.1.242.223,20193,TRUE,LHR,Europe,London,232 ms
143.20.231.107,20213,TRUE,LHR,Europe,London,232 ms
143.20.231.132,20122,TRUE,LHR,Europe,London,232 ms
143.20.231.222,20184,TRUE,LHR,Europe,London,232 ms
143.20.231.110,20133,TRUE,LHR,Europe,London,232 ms
165.232.40.23,3080,TRUE,LHR,Europe,London,232 ms
209.250.230.216,50006,TRUE,LHR,Europe,London,233 ms
198.1.242.202,20090,TRUE,LHR,Europe,London,233 ms
188.211.233.179,20075,TRUE,LHR,Europe,London,233 ms
198.1.242.70,20224,TRUE,LHR,Europe,London,233 ms
198.1.242.214,15000,TRUE,LHR,Europe,London,233 ms
188.211.233.179,18080,TRUE,LHR,Europe,London,233 ms
198.1.242.221,19000,TRUE,LHR,Europe,London,233 ms
198.1.242.79,12001,TRUE,LHR,Europe,London,233 ms
198.1.242.71,20113,TRUE,LHR,Europe,London,233 ms
143.20.231.96,20104,TRUE,LHR,Europe,London,233 ms
198.1.242.222,11401,TRUE,LHR,Europe,London,233 ms
51.38.64.215,8080,TRUE,LHR,Europe,London,233 ms
198.1.242.67,20041,TRUE,LHR,Europe,London,233 ms
143.20.231.102,20142,TRUE,LHR,Europe,London,233 ms
143.20.231.106,20133,TRUE,LHR,Europe,London,233 ms
143.20.231.116,11401,TRUE,LHR,Europe,London,233 ms
198.1.242.85,20201,TRUE,LHR,Europe,London,233 ms
143.20.231.62,20079,TRUE,LHR,Europe,London,233 ms
143.20.231.133,20000,TRUE,LHR,Europe,London,233 ms
198.1.242.69,20195,TRUE,LHR,Europe,London,233 ms
94.177.253.50,8585,TRUE,LHR,Europe,London,233 ms
198.1.242.93,20044,TRUE,LHR,Europe,London,234 ms
198.1.242.200,20195,TRUE,LHR,Europe,London,234 ms
143.20.231.103,20213,TRUE,LHR,Europe,London,234 ms
198.1.242.210,20195,TRUE,LHR,Europe,London,234 ms
143.20.231.95,20133,TRUE,LHR,Europe,London,234 ms
198.1.242.71,20027,TRUE,LHR,Europe,London,234 ms
198.1.242.221,20090,TRUE,LHR,Europe,London,234 ms
198.1.242.223,20041,TRUE,LHR,Europe,London,234 ms
198.1.242.197,20202,TRUE,LHR,Europe,London,234 ms
138.68.173.240,20205,TRUE,LHR,Europe,London,234 ms
198.1.242.194,18110,TRUE,LHR,Europe,London,235 ms
198.1.242.79,20202,TRUE,LHR,Europe,London,235 ms
143.20.231.55,20119,TRUE,LHR,Europe,London,235 ms
198.1.242.68,20012,TRUE,LHR,Europe,London,235 ms
198.1.242.68,18080,TRUE,LHR,Europe,London,235 ms
143.20.231.137,20168,TRUE,LHR,Europe,London,235 ms
198.1.242.209,14891,TRUE,LHR,Europe,London,235 ms
143.20.231.99,20000,TRUE,LHR,Europe,London,235 ms
178.128.44.127,8989,TRUE,LHR,Europe,London,235 ms
198.1.242.221,20238,TRUE,LHR,Europe,London,235 ms
198.1.242.86,20119,TRUE,LHR,Europe,London,236 ms
143.20.231.194,20010,TRUE,LHR,Europe,London,236 ms
198.1.242.218,20213,TRUE,LHR,Europe,London,236 ms
198.1.242.198,20213,TRUE,LHR,Europe,London,236 ms
143.20.231.207,20020,TRUE,LHR,Europe,London,236 ms
198.1.242.195,12265,TRUE,LHR,Europe,London,236 ms
143.20.231.219,20044,TRUE,LHR,Europe,London,236 ms
198.1.242.218,20124,TRUE,LHR,Europe,London,236 ms
143.20.231.198,20224,TRUE,LHR,Europe,London,236 ms
143.20.231.133,11581,TRUE,LHR,Europe,London,236 ms
198.1.242.70,12288,TRUE,LHR,Europe,London,236 ms
198.1.242.76,12343,TRUE,LHR,Europe,London,236 ms
143.20.231.143,20184,TRUE,LHR,Europe,London,236 ms
143.20.231.144,20179,TRUE,LHR,Europe,London,236 ms
198.1.242.84,20235,TRUE,LHR,Europe,London,236 ms
143.20.231.122,20183,TRUE,LHR,Europe,London,236 ms
198.1.242.94,12288,TRUE,LHR,Europe,London,236 ms
194.37.82.254,5051,TRUE,LHR,Europe,London,237 ms
143.20.231.114,20049,TRUE,LHR,Europe,London,237 ms
198.1.242.77,20041,TRUE,LHR,Europe,London,237 ms
198.1.242.83,14003,TRUE,LHR,Europe,London,237 ms
143.20.231.198,20221,TRUE,LHR,Europe,London,237 ms
198.1.242.68,12288,TRUE,LHR,Europe,London,237 ms
143.20.231.137,20011,TRUE,LHR,Europe,London,237 ms
206.189.16.16,20205,TRUE,LHR,Europe,London,237 ms
143.20.231.219,20041,TRUE,LHR,Europe,London,237 ms
143.20.231.144,11701,TRUE,LHR,Europe,London,238 ms
198.1.242.80,16018,TRUE,LHR,Europe,London,238 ms
198.1.242.83,20211,TRUE,LHR,Europe,London,238 ms
23.81.34.180,7671,TRUE,LHR,Europe,London,238 ms
198.1.242.78,14003,TRUE,LHR,Europe,London,238 ms
143.20.231.41,11333,TRUE,LHR,Europe,London,238 ms
144.126.195.236,10102,TRUE,LHR,Europe,London,238 ms
198.1.242.84,20202,TRUE,LHR,Europe,London,238 ms
198.1.242.201,20035,TRUE,LHR,Europe,London,238 ms
139.59.184.54,20205,TRUE,LHR,Europe,London,238 ms
198.1.242.206,18110,TRUE,LHR,Europe,London,239 ms
198.1.242.195,20248,TRUE,LHR,Europe,London,239 ms
198.1.242.76,12001,TRUE,LHR,Europe,London,239 ms
161.35.45.200,2231,TRUE,LHR,Europe,London,239 ms
198.1.242.221,18110,TRUE,LHR,Europe,London,239 ms
167.172.59.249,20205,TRUE,LHR,Europe,London,239 ms
188.166.156.221,20205,TRUE,LHR,Europe,London,239 ms
139.59.191.206,10299,TRUE,LHR,Europe,London,239 ms
178.62.11.4,1194,TRUE,LHR,Europe,London,239 ms
198.1.242.208,20224,TRUE,LHR,Europe,London,240 ms
198.1.242.82,11581,TRUE,LHR,Europe,London,240 ms
143.20.231.193,20146,TRUE,LHR,Europe,London,240 ms
143.20.231.39,13080,TRUE,LHR,Europe,London,240 ms
161.35.35.79,8086,TRUE,LHR,Europe,London,240 ms
143.20.231.152,20142,TRUE,LHR,Europe,London,240 ms
143.20.231.159,12110,TRUE,LHR,Europe,London,241 ms
198.1.242.68,12001,TRUE,LHR,Europe,London,241 ms
198.1.242.85,18080,TRUE,LHR,Europe,London,241 ms
198.1.242.77,20027,TRUE,LHR,Europe,London,241 ms
167.172.56.190,9090,TRUE,LHR,Europe,London,241 ms
172.237.116.166,8080,TRUE,LHR,Europe,London,241 ms
143.20.231.38,20011,TRUE,LHR,Europe,London,241 ms
198.1.242.219,20238,TRUE,LHR,Europe,London,242 ms
198.1.242.81,20137,TRUE,LHR,Europe,London,242 ms
143.20.231.116,20043,TRUE,LHR,Europe,London,242 ms
145.241.251.214,666,TRUE,LHR,Europe,London,243 ms
206.189.121.222,20205,TRUE,LHR,Europe,London,243 ms
173.208.51.206,3081,TRUE,LHR,Europe,London,243 ms
143.20.231.110,20185,TRUE,LHR,Europe,London,244 ms
143.20.231.40,20149,TRUE,LHR,Europe,London,244 ms
144.21.48.237,30443,TRUE,LHR,Europe,London,244 ms
45.154.197.92,11003,TRUE,LHR,Europe,London,244 ms
94.46.195.49,2525,TRUE,LHR,Europe,London,245 ms
173.208.51.206,5051,TRUE,LHR,Europe,London,245 ms
64.227.41.170,20205,TRUE,LHR,Europe,London,245 ms
143.20.231.151,20069,TRUE,LHR,Europe,London,247 ms
198.1.242.209,11581,TRUE,LHR,Europe,London,247 ms
143.20.231.160,20010,TRUE,LHR,Europe,London,247 ms
159.65.86.215,4443,TRUE,LHR,Europe,London,248 ms
159.65.86.65,30003,TRUE,LHR,Europe,London,248 ms
167.99.201.63,666,TRUE,LHR,Europe,London,248 ms
143.20.231.194,12123,TRUE,LHR,Europe,London,249 ms
198.1.242.212,20076,TRUE,LHR,Europe,London,249 ms
143.20.231.157,20112,TRUE,LHR,Europe,London,249 ms
138.68.164.180,8086,TRUE,LHR,Europe,London,249 ms
143.20.231.218,11434,TRUE,LHR,Europe,London,250 ms
143.20.231.58,16992,TRUE,LHR,Europe,London,250 ms
198.1.242.75,13323,TRUE,LHR,Europe,London,250 ms
103.244.226.171,2086,TRUE,LHR,Europe,London,250 ms
198.1.242.212,13324,TRUE,LHR,Europe,London,250 ms
159.65.91.137,20205,TRUE,LHR,Europe,London,250 ms
139.59.181.202,20205,TRUE,LHR,Europe,London,250 ms
143.20.231.35,20104,TRUE,LHR,Europe,London,250 ms
178.62.103.112,20205,TRUE,LHR,Europe,London,250 ms
198.1.242.75,20195,TRUE,LHR,Europe,London,251 ms
77.75.124.55,8000,TRUE,LHR,Europe,London,251 ms
23.81.33.174,2095,TRUE,LHR,Europe,London,251 ms
104.248.163.51,8080,TRUE,LHR,Europe,London,251 ms
143.20.231.49,20149,TRUE,LHR,Europe,London,252 ms
198.1.242.77,20037,TRUE,LHR,Europe,London,252 ms
198.1.242.94,20037,TRUE,LHR,Europe,London,252 ms
198.1.242.94,12001,TRUE,LHR,Europe,London,252 ms
198.1.242.207,20044,TRUE,LHR,Europe,London,253 ms
143.20.231.207,14891,TRUE,LHR,Europe,London,253 ms
198.1.242.77,20152,TRUE,LHR,Europe,London,253 ms
138.68.139.5,20205,TRUE,LHR,Europe,London,253 ms
198.1.242.85,12265,TRUE,LHR,Europe,London,253 ms
159.65.30.143,9090,TRUE,LHR,Europe,London,253 ms
51.75.160.149,8080,TRUE,LHR,Europe,London,254 ms
23.81.33.196,503,TRUE,LHR,Europe,London,255 ms
198.1.242.90,20027,TRUE,LHR,Europe,London,255 ms
198.1.242.217,20202,TRUE,LHR,Europe,London,255 ms
198.1.242.84,20195,TRUE,LHR,Europe,London,255 ms
143.20.231.146,11401,TRUE,LHR,Europe,London,255 ms
198.1.242.82,12288,TRUE,LHR,Europe,London,255 ms
143.20.231.206,20023,TRUE,LHR,Europe,London,256 ms
64.227.44.217,20205,TRUE,LHR,Europe,London,256 ms
185.199.222.216,10039,TRUE,LHR,Europe,London,256 ms
143.20.231.204,20221,TRUE,LHR,Europe,London,256 ms
143.20.231.59,11701,TRUE,LHR,Europe,London,256 ms
198.1.242.91,20148,TRUE,LHR,Europe,London,257 ms
198.1.242.212,20041,TRUE,LHR,Europe,London,257 ms
143.20.231.141,20149,TRUE,LHR,Europe,London,257 ms
46.101.66.239,8446,TRUE,LHR,Europe,London,258 ms
94.177.253.27,3085,TRUE,LHR,Europe,London,258 ms
161.35.77.104,9200,TRUE,LHR,Europe,London,258 ms
159.65.81.65,20205,TRUE,LHR,Europe,London,258 ms
198.1.242.197,20224,TRUE,LHR,Europe,London,259 ms
198.1.242.76,20119,TRUE,LHR,Europe,London,259 ms
134.209.185.152,20205,TRUE,LHR,Europe,London,259 ms
104.248.168.218,7854,TRUE,LHR,Europe,London,259 ms
198.1.242.195,20035,TRUE,LHR,Europe,London,259 ms
143.20.231.140,20208,TRUE,LHR,Europe,London,260 ms
198.1.242.68,20119,TRUE,LHR,Europe,London,260 ms
198.1.242.223,20213,TRUE,LHR,Europe,London,260 ms
89.110.99.214,6013,TRUE,LHR,Europe,London,260 ms
143.20.231.61,20069,TRUE,LHR,Europe,London,261 ms
143.20.231.39,20167,TRUE,LHR,Europe,London,261 ms
198.1.242.69,13323,TRUE,LHR,Europe,London,262 ms
198.1.242.67,12036,TRUE,LHR,Europe,London,262 ms
143.20.231.41,20167,TRUE,LHR,Europe,London,263 ms
23.81.34.180,1717,TRUE,LHR,Europe,London,263 ms
143.20.231.155,20202,TRUE,LHR,Europe,London,264 ms
206.189.113.62,20205,TRUE,LHR,Europe,London,265 ms
161.35.160.81,8080,TRUE,LHR,Europe,London,265 ms
109.172.90.198,6663,TRUE,LHR,Europe,London,266 ms
198.1.242.223,20035,TRUE,LHR,Europe,London,266 ms
152.67.153.143,12123,TRUE,LHR,Europe,London,267 ms
103.241.65.11,8445,TRUE,LHR,Europe,London,268 ms
109.172.90.157,6693,TRUE,LHR,Europe,London,270 ms
161.35.45.200,2219,TRUE,LHR,Europe,London,271 ms
165.232.40.23,3060,TRUE,LHR,Europe,London,271 ms
165.232.105.128,8080,TRUE,LHR,Europe,London,272 ms
159.65.56.14,20205,TRUE,LHR,Europe,London,272 ms
64.227.42.152,20205,TRUE,LHR,Europe,London,272 ms
178.79.149.71,20205,TRUE,LHR,Europe,London,273 ms
23.81.34.50,9900,TRUE,LHR,Europe,London,275 ms
144.126.195.236,10103,TRUE,LHR,Europe,London,278 ms
23.81.34.131,3031,TRUE,LHR,Europe,London,281 ms
178.79.188.248,993,TRUE,LHR,Europe,London,282 ms
173.234.79.196,14443,TRUE,LHR,Europe,London,282 ms
178.79.149.20,20205,TRUE,LHR,Europe,London,286 ms
45.88.194.159,8999,TRUE,LAX,North America,Los Angeles,148 ms
173.242.119.111,34536,TRUE,LAX,North America,Los Angeles,152 ms
154.26.190.103,23456,TRUE,LAX,North America,Los Angeles,152 ms
144.34.227.210,33473,TRUE,LAX,North America,Los Angeles,152 ms
154.17.0.93,2023,TRUE,LAX,North America,Los Angeles,152 ms
173.242.126.172,1002,TRUE,LAX,North America,Los Angeles,152 ms
185.194.148.95,33403,TRUE,LAX,North America,Los Angeles,152 ms
144.34.231.104,32779,TRUE,LAX,North America,Los Angeles,152 ms
192.69.94.53,12345,TRUE,LAX,North America,Los Angeles,153 ms
104.194.86.60,587,TRUE,LAX,North America,Los Angeles,153 ms
64.64.227.13,2346,TRUE,LAX,North America,Los Angeles,153 ms
173.242.114.187,19800,TRUE,LAX,North America,Los Angeles,153 ms
38.47.116.97,60004,TRUE,LAX,North America,Los Angeles,153 ms
104.194.68.16,25222,TRUE,LAX,North America,Los Angeles,153 ms
199.19.107.134,32793,TRUE,LAX,North America,Los Angeles,154 ms
104.224.159.50,60000,TRUE,LAX,North America,Los Angeles,154 ms
38.95.76.5,8181,TRUE,LAX,North America,Los Angeles,154 ms
216.24.177.186,10012,TRUE,LAX,North America,Los Angeles,154 ms
104.194.87.63,40001,TRUE,LAX,North America,Los Angeles,154 ms
38.95.118.81,13246,TRUE,LAX,North America,Los Angeles,154 ms
104.194.67.129,587,TRUE,LAX,North America,Los Angeles,154 ms
95.181.191.228,4431,TRUE,LAX,North America,Los Angeles,155 ms
192.69.90.237,2321,TRUE,LAX,North America,Los Angeles,155 ms
89.208.249.11,49899,TRUE,LAX,North America,Los Angeles,155 ms
64.64.252.50,27911,TRUE,LAX,North America,Los Angeles,155 ms
199.19.104.63,666,TRUE,LAX,North America,Los Angeles,155 ms
192.243.114.104,2054,TRUE,LAX,North America,Los Angeles,155 ms
104.194.83.67,10177,TRUE,LAX,North America,Los Angeles,155 ms
144.34.225.199,18443,TRUE,LAX,North America,Los Angeles,155 ms
178.157.50.221,8001,TRUE,LAX,North America,Los Angeles,155 ms
23.106.155.178,802,TRUE,LAX,North America,Los Angeles,156 ms
154.26.189.100,19101,TRUE,LAX,North America,Los Angeles,156 ms
192.69.93.115,50080,TRUE,LAX,North America,Los Angeles,156 ms
67.230.181.61,27964,TRUE,LAX,North America,Los Angeles,156 ms
104.194.89.178,12345,TRUE,LAX,North America,Los Angeles,156 ms
45.62.115.203,1103,TRUE,LAX,North America,Los Angeles,156 ms
67.230.179.73,2201,TRUE,LAX,North America,Los Angeles,156 ms
104.194.83.67,30000,TRUE,LAX,North America,Los Angeles,156 ms
173.242.124.244,9015,TRUE,LAX,North America,Los Angeles,156 ms
38.207.188.200,20101,TRUE,LAX,North America,Los Angeles,156 ms
64.64.227.102,449,TRUE,LAX,North America,Los Angeles,156 ms
104.224.157.64,49200,TRUE,LAX,North America,Los Angeles,156 ms
173.242.118.156,8001,TRUE,LAX,North America,Los Angeles,156 ms
173.242.119.243,23333,TRUE,LAX,North America,Los Angeles,156 ms
103.99.179.119,441,TRUE,LAX,North America,Los Angeles,156 ms
154.17.24.128,1028,TRUE,LAX,North America,Los Angeles,157 ms
67.230.180.33,11000,TRUE,LAX,North America,Los Angeles,157 ms
216.40.87.100,8444,TRUE,LAX,North America,Los Angeles,157 ms
192.243.114.127,12121,TRUE,LAX,North America,Los Angeles,157 ms
74.211.108.50,10437,TRUE,LAX,North America,Los Angeles,157 ms
45.62.119.89,51443,TRUE,LAX,North America,Los Angeles,157 ms
104.224.157.77,20001,TRUE,LAX,North America,Los Angeles,157 ms
144.34.230.153,9003,TRUE,LAX,North America,Los Angeles,157 ms
45.62.127.160,10443,TRUE,LAX,North America,Los Angeles,157 ms
154.17.23.87,44464,TRUE,LAX,North America,Los Angeles,157 ms
144.34.237.121,16062,TRUE,LAX,North America,Los Angeles,157 ms
185.194.148.95,20135,TRUE,LAX,North America,Los Angeles,157 ms
144.34.236.165,10152,TRUE,LAX,North America,Los Angeles,157 ms
199.193.125.229,1777,TRUE,LAX,North America,Los Angeles,158 ms
144.34.235.253,16606,TRUE,LAX,North America,Los Angeles,158 ms
23.106.155.30,12257,TRUE,LAX,North America,Los Angeles,158 ms
104.224.154.190,20086,TRUE,LAX,North America,Los Angeles,158 ms
38.55.108.160,9443,TRUE,LAX,North America,Los Angeles,158 ms
64.64.244.245,10068,TRUE,LAX,North America,Los Angeles,159 ms
38.85.247.121,50002,TRUE,LAX,North America,Los Angeles,159 ms
64.64.249.39,587,TRUE,LAX,North America,Los Angeles,159 ms
104.224.158.169,11008,TRUE,LAX,North America,Los Angeles,159 ms
103.94.185.55,13306,TRUE,LAX,North America,Los Angeles,159 ms
38.49.59.58,33136,TRUE,LAX,North America,Los Angeles,160 ms
38.85.247.60,2025,TRUE,LAX,North America,Los Angeles,160 ms
38.244.51.6,11434,TRUE,LAX,North America,Los Angeles,161 ms
154.21.195.143,27017,TRUE,LAX,North America,Los Angeles,162 ms
64.81.39.89,10024,TRUE,LAX,North America,Los Angeles,162 ms
38.207.183.237,10358,TRUE,LAX,North America,Los Angeles,162 ms
216.40.85.52,12345,TRUE,LAX,North America,Los Angeles,163 ms
185.194.148.95,20128,TRUE,LAX,North America,Los Angeles,163 ms
38.79.114.49,587,TRUE,LAX,North America,Los Angeles,163 ms
38.69.240.37,33434,TRUE,LAX,North America,Los Angeles,163 ms
38.69.240.37,20128,TRUE,LAX,North America,Los Angeles,163 ms
45.67.223.140,20083,TRUE,LAX,North America,Los Angeles,163 ms
23.185.168.144,8602,TRUE,LAX,North America,Los Angeles,164 ms
38.69.242.56,20077,TRUE,LAX,North America,Los Angeles,164 ms
154.17.225.203,23456,TRUE,LAX,North America,Los Angeles,165 ms
216.167.93.192,10448,TRUE,LAX,North America,Los Angeles,165 ms
38.244.32.241,1145,TRUE,LAX,North America,Los Angeles,165 ms
154.17.24.16,27010,TRUE,LAX,North America,Los Angeles,167 ms
154.17.238.14,12581,TRUE,LAX,North America,Los Angeles,167 ms
154.219.126.57,23333,TRUE,LAX,North America,Los Angeles,167 ms
64.64.224.83,10203,TRUE,LAX,North America,Los Angeles,168 ms
154.40.49.123,10339,TRUE,LAX,North America,Los Angeles,168 ms
154.17.237.131,18700,TRUE,LAX,North America,Los Angeles,169 ms
185.194.148.95,33434,TRUE,LAX,North America,Los Angeles,169 ms
154.40.33.79,20046,TRUE,LAX,North America,Los Angeles,170 ms
38.92.13.85,32913,TRUE,LAX,North America,Los Angeles,170 ms
38.244.24.90,14888,TRUE,LAX,North America,Los Angeles,170 ms
144.34.228.184,20029,TRUE,LAX,North America,Los Angeles,171 ms
154.44.15.114,1234,TRUE,LAX,North America,Los Angeles,171 ms
154.7.180.251,18111,TRUE,LAX,North America,Los Angeles,171 ms
70.39.179.14,56789,TRUE,LAX,North America,Los Angeles,171 ms
23.169.184.28,10148,TRUE,LAX,North America,Los Angeles,172 ms
89.213.182.246,60009,TRUE,LAX,North America,Los Angeles,172 ms
64.81.39.89,46657,TRUE,LAX,North America,Los Angeles,173 ms
216.167.33.104,18001,TRUE,LAX,North America,Los Angeles,173 ms
154.12.51.148,444,TRUE,LAX,North America,Los Angeles,174 ms
38.34.18.199,12289,TRUE,LAX,North America,Los Angeles,174 ms
154.9.241.42,50323,TRUE,LAX,North America,Los Angeles,175 ms
142.171.77.251,20068,TRUE,LAX,North America,Los Angeles,175 ms
154.21.193.26,8313,TRUE,LAX,North America,Los Angeles,176 ms
38.95.73.40,587,TRUE,LAX,North America,Los Angeles,176 ms
38.244.2.177,49501,TRUE,LAX,North America,Los Angeles,178 ms
38.244.34.42,44444,TRUE,LAX,North America,Los Angeles,179 ms
38.47.118.166,11001,TRUE,LAX,North America,Los Angeles,180 ms
103.99.178.113,20077,TRUE,LAX,North America,Los Angeles,180 ms
193.9.46.156,18113,TRUE,LAX,North America,Los Angeles,181 ms
38.244.34.168,44444,TRUE,LAX,North America,Los Angeles,181 ms
128.1.74.134,4433,TRUE,LAX,North America,Los Angeles,183 ms
154.44.21.85,10201,TRUE,LAX,North America,Los Angeles,184 ms
154.9.241.42,10276,TRUE,LAX,North America,Los Angeles,185 ms
154.64.239.67,48853,TRUE,LAX,North America,Los Angeles,185 ms
138.128.222.207,433,TRUE,LAX,North America,Los Angeles,192 ms
192.3.89.28,8000,TRUE,LAX,North America,Los Angeles,195 ms
23.105.202.93,9443,TRUE,LAX,North America,Los Angeles,195 ms
192.210.193.193,20194,TRUE,LAX,North America,Los Angeles,197 ms
192.210.193.193,20111,TRUE,LAX,North America,Los Angeles,198 ms
103.56.60.156,6014,TRUE,LAX,North America,Los Angeles,20 ms
141.148.164.46,57239,TRUE,LAX,North America,Los Angeles,201 ms
144.202.123.11,33391,TRUE,LAX,North America,Los Angeles,202 ms
192.210.193.193,20091,TRUE,LAX,North America,Los Angeles,204 ms
38.244.26.47,12387,TRUE,LAX,North America,Los Angeles,204 ms
154.40.33.39,20015,TRUE,LAX,North America,Los Angeles,204 ms
107.182.189.209,17114,TRUE,LAX,North America,Los Angeles,204 ms
141.148.149.116,50008,TRUE,LAX,North America,Los Angeles,205 ms
192.210.193.193,20206,TRUE,LAX,North America,Los Angeles,206 ms
107.172.239.45,8080,TRUE,LAX,North America,Los Angeles,207 ms
129.146.75.174,50008,TRUE,LAX,North America,Los Angeles,208 ms
154.40.33.39,20045,TRUE,LAX,North America,Los Angeles,208 ms
192.210.193.193,20041,TRUE,LAX,North America,Los Angeles,208 ms
142.171.218.71,19999,TRUE,LAX,North America,Los Angeles,210 ms
104.129.32.67,8080,TRUE,LAX,North America,Los Angeles,212 ms
129.146.250.189,50008,TRUE,LAX,North America,Los Angeles,212 ms
154.40.33.39,10069,TRUE,LAX,North America,Los Angeles,212 ms
192.210.193.193,20542,TRUE,LAX,North America,Los Angeles,216 ms
152.70.143.175,29187,TRUE,LAX,North America,Los Angeles,218 ms
219.154.45.213,20205,TRUE,LAX,North America,Los Angeles,223 ms
192.210.193.193,20202,TRUE,LAX,North America,Los Angeles,227 ms
108.174.63.6,50324,TRUE,LAX,North America,Los Angeles,228 ms
112.184.215.199,30012,TRUE,LAX,North America,Los Angeles,234 ms
121.147.34.1,20148,TRUE,LAX,North America,Los Angeles,244 ms
39.106.51.75,50443,TRUE,LAX,North America,Los Angeles,25 ms
192.210.193.193,20332,TRUE,LAX,North America,Los Angeles,266 ms
103.56.60.156,6017,TRUE,LAX,North America,Los Angeles,27 ms
223.166.34.153,1234,TRUE,LAX,North America,Los Angeles,30 ms
217.142.230.253,587,TRUE,KIX,Asia Pacific,Osaka,180 ms
140.83.82.88,5443,TRUE,KIX,Asia Pacific,Osaka,181 ms
43.207.120.248,1133,TRUE,KIX,Asia Pacific,Osaka,50 ms
23.106.131.104,6060,TRUE,KIX,Asia Pacific,Osaka,59 ms
193.163.19.107,1515,TRUE,SJC,North America,San Jose,147 ms
146.19.116.119,2024,TRUE,SJC,North America,San Jose,148 ms
37.123.194.101,13001,TRUE,SJC,North America,San Jose,151 ms
193.163.19.107,1506,TRUE,SJC,North America,San Jose,151 ms
142.147.94.108,10086,TRUE,SJC,North America,San Jose,152 ms
193.163.19.107,1503,TRUE,SJC,North America,San Jose,152 ms
142.147.94.155,843,TRUE,SJC,North America,San Jose,153 ms
193.163.19.42,5511,TRUE,SJC,North America,San Jose,156 ms
193.163.19.131,10090,TRUE,SJC,North America,San Jose,156 ms
37.123.193.154,666,TRUE,SJC,North America,San Jose,162 ms
185.148.13.32,11002,TRUE,SJC,North America,San Jose,163 ms
172.82.16.113,18003,TRUE,SJC,North America,San Jose,169 ms
155.248.214.92,52580,TRUE,SJC,North America,San Jose,191 ms
223.166.28.75,555,TRUE,SJC,North America,San Jose,21 ms
8.133.3.220,1234,TRUE,SJC,North America,San Jose,24 ms
183.20.84.156,1234,TRUE,SJC,North America,San Jose,34 ms
47.79.84.221,8000,TRUE,SJC,North America,San Jose,97 ms
183.103.214.57,50007,TRUE,ICN,Asia Pacific,Seoul,100 ms
175.210.195.42,20173,TRUE,ICN,Asia Pacific,Seoul,100 ms
59.3.62.210,12755,TRUE,ICN,Asia Pacific,Seoul,100 ms
121.150.197.210,20224,TRUE,ICN,Asia Pacific,Seoul,100 ms
121.139.182.166,10997,TRUE,ICN,Asia Pacific,Seoul,100 ms
14.53.207.174,10208,TRUE,ICN,Asia Pacific,Seoul,100 ms
119.195.139.150,10999,TRUE,ICN,Asia Pacific,Seoul,100 ms
220.92.80.44,50001,TRUE,ICN,Asia Pacific,Seoul,101 ms
221.154.46.231,50006,TRUE,ICN,Asia Pacific,Seoul,101 ms
121.166.39.76,10157,TRUE,ICN,Asia Pacific,Seoul,101 ms
118.219.1.45,32810,TRUE,ICN,Asia Pacific,Seoul,101 ms
221.163.35.103,10082,TRUE,ICN,Asia Pacific,Seoul,101 ms
222.114.206.19,10352,TRUE,ICN,Asia Pacific,Seoul,102 ms
175.212.51.220,12303,TRUE,ICN,Asia Pacific,Seoul,102 ms
210.123.143.214,10162,TRUE,ICN,Asia Pacific,Seoul,102 ms
112.160.1.110,10194,TRUE,ICN,Asia Pacific,Seoul,102 ms
125.135.9.218,50001,TRUE,ICN,Asia Pacific,Seoul,102 ms
121.151.19.48,50001,TRUE,ICN,Asia Pacific,Seoul,102 ms
220.118.248.123,20168,TRUE,ICN,Asia Pacific,Seoul,103 ms
175.200.140.27,12553,TRUE,ICN,Asia Pacific,Seoul,103 ms
59.17.159.202,11008,TRUE,ICN,Asia Pacific,Seoul,104 ms
121.170.249.21,12265,TRUE,ICN,Asia Pacific,Seoul,104 ms
14.53.243.142,20019,TRUE,ICN,Asia Pacific,Seoul,104 ms
220.82.161.176,50001,TRUE,ICN,Asia Pacific,Seoul,104 ms
119.198.106.178,10349,TRUE,ICN,Asia Pacific,Seoul,105 ms
218.150.189.114,50001,TRUE,ICN,Asia Pacific,Seoul,105 ms
221.163.35.103,10345,TRUE,ICN,Asia Pacific,Seoul,105 ms
183.107.155.187,25282,TRUE,ICN,Asia Pacific,Seoul,105 ms
183.97.196.49,10800,TRUE,ICN,Asia Pacific,Seoul,105 ms
175.212.51.220,12491,TRUE,ICN,Asia Pacific,Seoul,105 ms
222.109.40.96,18001,TRUE,ICN,Asia Pacific,Seoul,105 ms
175.200.140.27,10022,TRUE,ICN,Asia Pacific,Seoul,105 ms
121.147.34.1,10329,TRUE,ICN,Asia Pacific,Seoul,106 ms
121.188.108.67,20122,TRUE,ICN,Asia Pacific,Seoul,106 ms
222.118.77.67,30027,TRUE,ICN,Asia Pacific,Seoul,106 ms
121.132.58.142,11333,TRUE,ICN,Asia Pacific,Seoul,106 ms
220.89.230.125,50006,TRUE,ICN,Asia Pacific,Seoul,106 ms
218.150.66.110,16015,TRUE,ICN,Asia Pacific,Seoul,106 ms
175.206.85.96,12420,TRUE,ICN,Asia Pacific,Seoul,106 ms
121.158.182.66,10389,TRUE,ICN,Asia Pacific,Seoul,106 ms
14.48.78.135,10079,TRUE,ICN,Asia Pacific,Seoul,107 ms
175.198.236.74,10317,TRUE,ICN,Asia Pacific,Seoul,107 ms
183.97.196.49,10054,TRUE,ICN,Asia Pacific,Seoul,107 ms
210.223.26.66,10409,TRUE,ICN,Asia Pacific,Seoul,107 ms
59.16.213.86,32782,TRUE,ICN,Asia Pacific,Seoul,108 ms
183.97.196.49,18443,TRUE,ICN,Asia Pacific,Seoul,109 ms
59.26.118.116,12239,TRUE,ICN,Asia Pacific,Seoul,109 ms
211.43.79.152,10265,TRUE,ICN,Asia Pacific,Seoul,110 ms
222.105.67.105,18001,TRUE,ICN,Asia Pacific,Seoul,110 ms
211.195.83.140,11018,TRUE,ICN,Asia Pacific,Seoul,110 ms
59.11.188.209,10244,TRUE,ICN,Asia Pacific,Seoul,111 ms
175.200.140.27,12141,TRUE,ICN,Asia Pacific,Seoul,113 ms
211.106.184.129,12563,TRUE,ICN,Asia Pacific,Seoul,113 ms
121.155.79.15,10289,TRUE,ICN,Asia Pacific,Seoul,113 ms
220.84.20.21,12112,TRUE,ICN,Asia Pacific,Seoul,113 ms
121.177.44.158,10100,TRUE,ICN,Asia Pacific,Seoul,114 ms
121.162.212.127,10094,TRUE,ICN,Asia Pacific,Seoul,115 ms
121.178.202.91,10288,TRUE,ICN,Asia Pacific,Seoul,115 ms
218.150.66.110,32797,TRUE,ICN,Asia Pacific,Seoul,116 ms
218.156.150.251,11333,TRUE,ICN,Asia Pacific,Seoul,119 ms
125.128.132.216,14523,TRUE,ICN,Asia Pacific,Seoul,119 ms
211.192.238.235,11112,TRUE,ICN,Asia Pacific,Seoul,120 ms
59.24.250.133,12357,TRUE,ICN,Asia Pacific,Seoul,121 ms
121.157.243.134,18100,TRUE,ICN,Asia Pacific,Seoul,122 ms
121.149.208.174,10348,TRUE,ICN,Asia Pacific,Seoul,123 ms
118.35.196.178,10184,TRUE,ICN,Asia Pacific,Seoul,125 ms
59.4.7.208,10235,TRUE,ICN,Asia Pacific,Seoul,126 ms
222.109.40.96,10221,TRUE,ICN,Asia Pacific,Seoul,128 ms
121.186.198.94,20140,TRUE,ICN,Asia Pacific,Seoul,137 ms
183.97.196.49,33503,TRUE,ICN,Asia Pacific,Seoul,145 ms
211.106.84.19,35331,TRUE,ICN,Asia Pacific,Seoul,146 ms
59.17.22.7,15000,TRUE,ICN,Asia Pacific,Seoul,167 ms
121.132.58.142,37020,TRUE,ICN,Asia Pacific,Seoul,168 ms
221.154.46.231,50001,TRUE,ICN,Asia Pacific,Seoul,181 ms
218.154.199.38,50001,TRUE,ICN,Asia Pacific,Seoul,181 ms
124.59.181.7,16016,TRUE,ICN,Asia Pacific,Seoul,184 ms
222.105.67.105,32807,TRUE,ICN,Asia Pacific,Seoul,185 ms
125.142.239.251,10435,TRUE,ICN,Asia Pacific,Seoul,187 ms
222.109.40.96,27963,TRUE,ICN,Asia Pacific,Seoul,202 ms
59.8.83.149,10239,TRUE,ICN,Asia Pacific,Seoul,206 ms
125.142.239.251,32771,TRUE,ICN,Asia Pacific,Seoul,209 ms
125.142.239.251,33523,TRUE,ICN,Asia Pacific,Seoul,211 ms
222.109.40.96,10275,TRUE,ICN,Asia Pacific,Seoul,213 ms
121.170.249.21,12239,TRUE,ICN,Asia Pacific,Seoul,215 ms
121.132.58.142,32771,TRUE,ICN,Asia Pacific,Seoul,217 ms
121.132.58.142,30722,TRUE,ICN,Asia Pacific,Seoul,219 ms
121.166.39.76,33439,TRUE,ICN,Asia Pacific,Seoul,219 ms
131.186.26.191,20041,TRUE,ICN,Asia Pacific,Seoul,220 ms
132.145.81.119,9002,TRUE,ICN,Asia Pacific,Seoul,220 ms
222.109.40.96,10095,TRUE,ICN,Asia Pacific,Seoul,221 ms
121.150.28.21,30081,TRUE,ICN,Asia Pacific,Seoul,222 ms
146.56.42.33,10086,TRUE,ICN,Asia Pacific,Seoul,231 ms
146.56.140.79,44699,TRUE,ICN,Asia Pacific,Seoul,233 ms
222.109.40.96,10278,TRUE,ICN,Asia Pacific,Seoul,233 ms
125.142.239.251,11017,TRUE,ICN,Asia Pacific,Seoul,244 ms
121.166.39.76,33438,TRUE,ICN,Asia Pacific,Seoul,247 ms
121.170.249.21,12435,TRUE,ICN,Asia Pacific,Seoul,252 ms
121.164.15.123,50001,TRUE,ICN,Asia Pacific,Seoul,252 ms
121.166.39.76,10268,TRUE,ICN,Asia Pacific,Seoul,254 ms
121.166.39.76,10417,TRUE,ICN,Asia Pacific,Seoul,254 ms
121.166.39.76,10420,TRUE,ICN,Asia Pacific,Seoul,259 ms
222.109.40.96,33396,TRUE,ICN,Asia Pacific,Seoul,259 ms
121.166.39.76,32580,TRUE,ICN,Asia Pacific,Seoul,260 ms
222.109.40.96,10285,TRUE,ICN,Asia Pacific,Seoul,263 ms
121.166.39.76,10307,TRUE,ICN,Asia Pacific,Seoul,265 ms
222.109.40.96,10286,TRUE,ICN,Asia Pacific,Seoul,265 ms
125.142.239.251,24744,TRUE,ICN,Asia Pacific,Seoul,267 ms
121.166.39.76,10310,TRUE,ICN,Asia Pacific,Seoul,273 ms
59.21.203.65,15427,TRUE,ICN,Asia Pacific,Seoul,283 ms
121.166.39.76,12187,TRUE,ICN,Asia Pacific,Seoul,288 ms
121.166.39.76,20219,TRUE,ICN,Asia Pacific,Seoul,292 ms
61.96.248.252,10174,TRUE,ICN,Asia Pacific,Seoul,295 ms
218.209.158.230,50006,TRUE,ICN,Asia Pacific,Seoul,48 ms
211.108.30.166,11031,TRUE,ICN,Asia Pacific,Seoul,52 ms
219.248.62.241,50001,TRUE,ICN,Asia Pacific,Seoul,52 ms
211.108.30.166,10139,TRUE,ICN,Asia Pacific,Seoul,53 ms
211.201.153.100,50006,TRUE,ICN,Asia Pacific,Seoul,53 ms
124.111.208.233,20219,TRUE,ICN,Asia Pacific,Seoul,54 ms
1.233.27.130,25322,TRUE,ICN,Asia Pacific,Seoul,55 ms
221.163.106.93,50001,TRUE,ICN,Asia Pacific,Seoul,56 ms
125.135.43.66,50000,TRUE,ICN,Asia Pacific,Seoul,56 ms
175.120.200.238,50001,TRUE,ICN,Asia Pacific,Seoul,56 ms
123.109.223.48,10341,TRUE,ICN,Asia Pacific,Seoul,57 ms
124.111.208.233,10353,TRUE,ICN,Asia Pacific,Seoul,57 ms
211.108.30.166,15672,TRUE,ICN,Asia Pacific,Seoul,57 ms
210.123.143.214,11255,TRUE,ICN,Asia Pacific,Seoul,57 ms
115.91.165.115,30021,TRUE,ICN,Asia Pacific,Seoul,57 ms
180.182.29.173,50001,TRUE,ICN,Asia Pacific,Seoul,57 ms
220.92.20.21,30050,TRUE,ICN,Asia Pacific,Seoul,57 ms
182.31.242.117,50001,TRUE,ICN,Asia Pacific,Seoul,57 ms
220.85.48.245,50001,TRUE,ICN,Asia Pacific,Seoul,57 ms
14.45.30.182,32913,TRUE,ICN,Asia Pacific,Seoul,58 ms
211.108.30.166,20157,TRUE,ICN,Asia Pacific,Seoul,58 ms
203.81.141.12,50001,TRUE,ICN,Asia Pacific,Seoul,58 ms
180.64.254.103,11182,TRUE,ICN,Asia Pacific,Seoul,58 ms
222.103.122.133,50001,TRUE,ICN,Asia Pacific,Seoul,58 ms
211.248.80.146,50001,TRUE,ICN,Asia Pacific,Seoul,59 ms
124.111.208.233,10189,TRUE,ICN,Asia Pacific,Seoul,59 ms
14.32.95.148,25212,TRUE,ICN,Asia Pacific,Seoul,59 ms
220.72.106.154,20197,TRUE,ICN,Asia Pacific,Seoul,60 ms
110.9.4.54,50001,TRUE,ICN,Asia Pacific,Seoul,60 ms
121.147.127.154,32396,TRUE,ICN,Asia Pacific,Seoul,60 ms
121.165.25.43,10293,TRUE,ICN,Asia Pacific,Seoul,60 ms
124.111.208.233,16049,TRUE,ICN,Asia Pacific,Seoul,60 ms
118.41.16.135,20111,TRUE,ICN,Asia Pacific,Seoul,60 ms
220.86.175.229,50001,TRUE,ICN,Asia Pacific,Seoul,60 ms
49.164.46.220,50001,TRUE,ICN,Asia Pacific,Seoul,60 ms
61.73.29.114,10069,TRUE,ICN,Asia Pacific,Seoul,61 ms
119.206.18.95,50006,TRUE,ICN,Asia Pacific,Seoul,61 ms
112.172.62.186,12323,TRUE,ICN,Asia Pacific,Seoul,61 ms
183.104.176.223,50001,TRUE,ICN,Asia Pacific,Seoul,61 ms
112.185.201.42,50001,TRUE,ICN,Asia Pacific,Seoul,61 ms
220.123.95.78,50006,TRUE,ICN,Asia Pacific,Seoul,62 ms
175.193.171.159,30069,TRUE,ICN,Asia Pacific,Seoul,62 ms
211.43.79.152,12219,TRUE,ICN,Asia Pacific,Seoul,63 ms
211.194.207.184,50001,TRUE,ICN,Asia Pacific,Seoul,63 ms
14.39.65.18,30012,TRUE,ICN,Asia Pacific,Seoul,63 ms
211.49.52.25,10135,TRUE,ICN,Asia Pacific,Seoul,63 ms
125.137.12.172,10255,TRUE,ICN,Asia Pacific,Seoul,64 ms
218.156.150.251,10295,TRUE,ICN,Asia Pacific,Seoul,64 ms
124.111.208.233,10366,TRUE,ICN,Asia Pacific,Seoul,64 ms
175.203.56.226,10332,TRUE,ICN,Asia Pacific,Seoul,64 ms
121.170.249.21,20136,TRUE,ICN,Asia Pacific,Seoul,64 ms
210.105.150.15,10429,TRUE,ICN,Asia Pacific,Seoul,64 ms
121.175.13.244,50001,TRUE,ICN,Asia Pacific,Seoul,64 ms
211.230.207.90,20128,TRUE,ICN,Asia Pacific,Seoul,65 ms
125.128.34.92,11015,TRUE,ICN,Asia Pacific,Seoul,65 ms
14.42.237.24,20198,TRUE,ICN,Asia Pacific,Seoul,65 ms
211.108.30.166,11137,TRUE,ICN,Asia Pacific,Seoul,65 ms
118.44.15.9,30110,TRUE,ICN,Asia Pacific,Seoul,65 ms
124.111.208.233,12343,TRUE,ICN,Asia Pacific,Seoul,65 ms
124.111.208.233,35147,TRUE,ICN,Asia Pacific,Seoul,66 ms
220.92.115.8,50006,TRUE,ICN,Asia Pacific,Seoul,66 ms
220.72.106.154,10396,TRUE,ICN,Asia Pacific,Seoul,66 ms
211.208.202.95,20144,TRUE,ICN,Asia Pacific,Seoul,66 ms
121.162.61.37,11031,TRUE,ICN,Asia Pacific,Seoul,66 ms
121.160.141.47,10281,TRUE,ICN,Asia Pacific,Seoul,67 ms
124.111.208.233,33031,TRUE,ICN,Asia Pacific,Seoul,67 ms
175.200.121.85,50006,TRUE,ICN,Asia Pacific,Seoul,67 ms
14.45.104.202,10181,TRUE,ICN,Asia Pacific,Seoul,67 ms
118.38.198.209,50007,TRUE,ICN,Asia Pacific,Seoul,68 ms
211.246.223.55,10287,TRUE,ICN,Asia Pacific,Seoul,69 ms
118.38.147.24,50001,TRUE,ICN,Asia Pacific,Seoul,69 ms
121.124.51.135,50006,TRUE,ICN,Asia Pacific,Seoul,69 ms
119.199.175.237,50001,TRUE,ICN,Asia Pacific,Seoul,69 ms
112.159.31.72,20014,TRUE,ICN,Asia Pacific,Seoul,69 ms
175.205.109.173,50001,TRUE,ICN,Asia Pacific,Seoul,69 ms
182.31.179.248,11211,TRUE,ICN,Asia Pacific,Seoul,69 ms
1.252.9.32,50006,TRUE,ICN,Asia Pacific,Seoul,69 ms
125.132.36.175,10253,TRUE,ICN,Asia Pacific,Seoul,69 ms
119.195.139.150,10416,TRUE,ICN,Asia Pacific,Seoul,69 ms
175.198.236.74,33111,TRUE,ICN,Asia Pacific,Seoul,69 ms
121.177.172.206,50001,TRUE,ICN,Asia Pacific,Seoul,69 ms
175.115.116.134,20101,TRUE,ICN,Asia Pacific,Seoul,69 ms
1.222.56.21,50001,TRUE,ICN,Asia Pacific,Seoul,69 ms
121.137.224.148,12443,TRUE,ICN,Asia Pacific,Seoul,70 ms
59.22.214.44,10061,TRUE,ICN,Asia Pacific,Seoul,70 ms
112.166.115.186,50006,TRUE,ICN,Asia Pacific,Seoul,71 ms
183.105.152.209,20041,TRUE,ICN,Asia Pacific,Seoul,71 ms
121.187.94.196,50001,TRUE,ICN,Asia Pacific,Seoul,71 ms
220.80.62.79,50009,TRUE,ICN,Asia Pacific,Seoul,71 ms
183.99.81.30,23791,TRUE,ICN,Asia Pacific,Seoul,72 ms
112.160.1.110,16078,TRUE,ICN,Asia Pacific,Seoul,72 ms
125.180.221.195,10308,TRUE,ICN,Asia Pacific,Seoul,72 ms
221.163.35.103,30017,TRUE,ICN,Asia Pacific,Seoul,72 ms
121.136.66.77,10050,TRUE,ICN,Asia Pacific,Seoul,72 ms
221.160.204.64,37215,TRUE,ICN,Asia Pacific,Seoul,73 ms
118.41.13.65,50001,TRUE,ICN,Asia Pacific,Seoul,73 ms
1.247.97.83,10408,TRUE,ICN,Asia Pacific,Seoul,73 ms
175.212.207.13,50001,TRUE,ICN,Asia Pacific,Seoul,73 ms
211.63.181.106,11017,TRUE,ICN,Asia Pacific,Seoul,73 ms
220.124.39.201,10296,TRUE,ICN,Asia Pacific,Seoul,73 ms
220.124.39.201,12516,TRUE,ICN,Asia Pacific,Seoul,73 ms
125.134.169.165,10416,TRUE,ICN,Asia Pacific,Seoul,73 ms
1.247.97.83,10399,TRUE,ICN,Asia Pacific,Seoul,73 ms
211.228.64.93,10422,TRUE,ICN,Asia Pacific,Seoul,73 ms
124.111.208.233,22022,TRUE,ICN,Asia Pacific,Seoul,74 ms
112.185.56.72,10369,TRUE,ICN,Asia Pacific,Seoul,74 ms
124.111.208.233,10398,TRUE,ICN,Asia Pacific,Seoul,74 ms
125.182.81.176,34567,TRUE,ICN,Asia Pacific,Seoul,74 ms
175.203.2.185,50001,TRUE,ICN,Asia Pacific,Seoul,74 ms
58.230.181.133,20248,TRUE,ICN,Asia Pacific,Seoul,74 ms
211.221.218.25,10058,TRUE,ICN,Asia Pacific,Seoul,74 ms
221.160.73.30,10443,TRUE,ICN,Asia Pacific,Seoul,74 ms
112.160.1.110,10432,TRUE,ICN,Asia Pacific,Seoul,74 ms
124.111.208.233,20041,TRUE,ICN,Asia Pacific,Seoul,75 ms
220.124.39.201,11300,TRUE,ICN,Asia Pacific,Seoul,75 ms
220.74.120.102,50001,TRUE,ICN,Asia Pacific,Seoul,75 ms
211.221.218.25,10074,TRUE,ICN,Asia Pacific,Seoul,75 ms
211.195.83.140,24844,TRUE,ICN,Asia Pacific,Seoul,75 ms
183.108.180.55,10129,TRUE,ICN,Asia Pacific,Seoul,75 ms
112.187.165.131,10294,TRUE,ICN,Asia Pacific,Seoul,76 ms
221.157.253.189,10392,TRUE,ICN,Asia Pacific,Seoul,76 ms
112.167.80.230,32933,TRUE,ICN,Asia Pacific,Seoul,76 ms
59.12.232.18,10125,TRUE,ICN,Asia Pacific,Seoul,76 ms
59.9.122.175,10332,TRUE,ICN,Asia Pacific,Seoul,76 ms
121.136.31.240,10267,TRUE,ICN,Asia Pacific,Seoul,77 ms
121.163.80.234,10240,TRUE,ICN,Asia Pacific,Seoul,77 ms
175.200.140.27,10220,TRUE,ICN,Asia Pacific,Seoul,77 ms
59.23.31.244,10611,TRUE,ICN,Asia Pacific,Seoul,77 ms
220.87.108.247,14100,TRUE,ICN,Asia Pacific,Seoul,77 ms
221.153.67.12,12397,TRUE,ICN,Asia Pacific,Seoul,77 ms
183.109.254.132,33392,TRUE,ICN,Asia Pacific,Seoul,77 ms
112.171.112.109,24888,TRUE,ICN,Asia Pacific,Seoul,77 ms
211.248.156.161,10042,TRUE,ICN,Asia Pacific,Seoul,77 ms
121.178.202.91,20200,TRUE,ICN,Asia Pacific,Seoul,77 ms
175.200.140.27,12195,TRUE,ICN,Asia Pacific,Seoul,77 ms
175.200.140.27,10254,TRUE,ICN,Asia Pacific,Seoul,78 ms
175.200.140.27,30303,TRUE,ICN,Asia Pacific,Seoul,78 ms
14.53.243.142,10005,TRUE,ICN,Asia Pacific,Seoul,78 ms
121.178.202.91,12380,TRUE,ICN,Asia Pacific,Seoul,78 ms
115.22.172.2,10622,TRUE,ICN,Asia Pacific,Seoul,78 ms
114.129.224.225,50000,TRUE,ICN,Asia Pacific,Seoul,78 ms
218.152.197.166,10354,TRUE,ICN,Asia Pacific,Seoul,78 ms
59.29.178.236,37215,TRUE,ICN,Asia Pacific,Seoul,79 ms
112.186.247.102,10072,TRUE,ICN,Asia Pacific,Seoul,79 ms
121.186.198.94,20103,TRUE,ICN,Asia Pacific,Seoul,79 ms
121.178.78.55,10145,TRUE,ICN,Asia Pacific,Seoul,79 ms
123.98.220.86,10022,TRUE,ICN,Asia Pacific,Seoul,79 ms
116.123.6.19,10080,TRUE,ICN,Asia Pacific,Seoul,79 ms
125.129.121.13,11003,TRUE,ICN,Asia Pacific,Seoul,80 ms
183.108.180.55,10060,TRUE,ICN,Asia Pacific,Seoul,80 ms
121.125.215.217,10359,TRUE,ICN,Asia Pacific,Seoul,80 ms
182.224.75.12,10325,TRUE,ICN,Asia Pacific,Seoul,80 ms
222.109.40.96,10002,TRUE,ICN,Asia Pacific,Seoul,80 ms
61.79.55.222,11002,TRUE,ICN,Asia Pacific,Seoul,80 ms
183.97.196.49,10199,TRUE,ICN,Asia Pacific,Seoul,81 ms
121.150.28.21,10248,TRUE,ICN,Asia Pacific,Seoul,83 ms
116.123.6.19,11012,TRUE,ICN,Asia Pacific,Seoul,83 ms
121.155.79.15,10326,TRUE,ICN,Asia Pacific,Seoul,83 ms
121.186.198.94,11401,TRUE,ICN,Asia Pacific,Seoul,84 ms
112.173.161.188,20136,TRUE,ICN,Asia Pacific,Seoul,84 ms
121.147.34.1,10346,TRUE,ICN,Asia Pacific,Seoul,84 ms
121.186.198.94,10182,TRUE,ICN,Asia Pacific,Seoul,84 ms
119.201.112.36,10452,TRUE,ICN,Asia Pacific,Seoul,85 ms
210.223.26.66,10277,TRUE,ICN,Asia Pacific,Seoul,85 ms
121.163.24.128,27963,TRUE,ICN,Asia Pacific,Seoul,85 ms
14.53.195.118,10298,TRUE,ICN,Asia Pacific,Seoul,85 ms
180.182.110.224,10264,TRUE,ICN,Asia Pacific,Seoul,85 ms
121.163.24.128,32754,TRUE,ICN,Asia Pacific,Seoul,86 ms
14.53.195.118,12100,TRUE,ICN,Asia Pacific,Seoul,86 ms
175.192.66.211,20221,TRUE,ICN,Asia Pacific,Seoul,86 ms
203.251.29.209,20185,TRUE,ICN,Asia Pacific,Seoul,86 ms
118.41.27.62,12166,TRUE,ICN,Asia Pacific,Seoul,86 ms
222.105.67.105,10165,TRUE,ICN,Asia Pacific,Seoul,86 ms
118.219.1.45,12326,TRUE,ICN,Asia Pacific,Seoul,87 ms
118.37.193.118,10046,TRUE,ICN,Asia Pacific,Seoul,87 ms
58.150.195.243,10257,TRUE,ICN,Asia Pacific,Seoul,88 ms
182.31.48.185,50001,TRUE,ICN,Asia Pacific,Seoul,90 ms
59.27.171.160,50001,TRUE,ICN,Asia Pacific,Seoul,91 ms
118.35.196.178,33034,TRUE,ICN,Asia Pacific,Seoul,92 ms
58.230.181.133,13003,TRUE,ICN,Asia Pacific,Seoul,92 ms
121.145.100.86,10034,TRUE,ICN,Asia Pacific,Seoul,93 ms
112.162.128.170,50011,TRUE,ICN,Asia Pacific,Seoul,94 ms
221.160.204.64,10410,TRUE,ICN,Asia Pacific,Seoul,95 ms
221.163.35.103,17115,TRUE,ICN,Asia Pacific,Seoul,95 ms
220.72.161.178,10191,TRUE,ICN,Asia Pacific,Seoul,95 ms
121.162.212.127,20167,TRUE,ICN,Asia Pacific,Seoul,95 ms
121.156.167.216,33523,TRUE,ICN,Asia Pacific,Seoul,96 ms
61.80.195.236,12277,TRUE,ICN,Asia Pacific,Seoul,96 ms
220.118.166.81,50006,TRUE,ICN,Asia Pacific,Seoul,96 ms
183.97.196.49,50000,TRUE,ICN,Asia Pacific,Seoul,97 ms
118.37.92.151,11101,TRUE,ICN,Asia Pacific,Seoul,97 ms
59.13.59.197,30816,TRUE,ICN,Asia Pacific,Seoul,97 ms
211.228.64.93,18053,TRUE,ICN,Asia Pacific,Seoul,97 ms
112.160.244.169,10232,TRUE,ICN,Asia Pacific,Seoul,97 ms
203.251.8.37,33438,TRUE,ICN,Asia Pacific,Seoul,97 ms
121.184.108.23,50001,TRUE,ICN,Asia Pacific,Seoul,98 ms
118.37.92.151,17780,TRUE,ICN,Asia Pacific,Seoul,98 ms
222.104.213.148,17113,TRUE,ICN,Asia Pacific,Seoul,98 ms
183.103.30.205,20082,TRUE,ICN,Asia Pacific,Seoul,98 ms
14.42.237.24,10413,TRUE,ICN,Asia Pacific,Seoul,98 ms
211.222.226.132,32414,TRUE,ICN,Asia Pacific,Seoul,98 ms
112.161.221.228,16097,TRUE,ICN,Asia Pacific,Seoul,98 ms
112.186.25.177,18060,TRUE,ICN,Asia Pacific,Seoul,98 ms
14.53.243.142,20256,TRUE,ICN,Asia Pacific,Seoul,98 ms
119.206.93.55,50006,TRUE,ICN,Asia Pacific,Seoul,98 ms
183.96.89.23,50001,TRUE,ICN,Asia Pacific,Seoul,99 ms
121.166.39.76,10100,TRUE,ICN,Asia Pacific,Seoul,99 ms
14.42.24.233,50006,TRUE,ICN,Asia Pacific,Seoul,99 ms
125.134.226.18,20126,TRUE,ICN,Asia Pacific,Seoul,99 ms
124.239.186.99,7033,TRUE,SIN,Asia Pacific,Singapore,10 ms
8.219.78.44,7547,TRUE,SIN,Asia Pacific,Singapore,210 ms
159.138.52.204,30101,TRUE,SIN,Asia Pacific,Singapore,212 ms
47.236.87.93,20086,TRUE,SIN,Asia Pacific,Singapore,214 ms
171.213.2.189,1234,TRUE,SIN,Asia Pacific,Singapore,22 ms
188.166.182.46,8888,TRUE,SIN,Asia Pacific,Singapore,248 ms
101.132.172.172,10443,TRUE,SIN,Asia Pacific,Singapore,25 ms
137.220.150.237,441,TRUE,SIN,Asia Pacific,Singapore,254 ms
178.128.107.58,3128,TRUE,SIN,Asia Pacific,Singapore,260 ms
171.88.37.205,1234,TRUE,SIN,Asia Pacific,Singapore,28 ms
119.4.52.23,1234,TRUE,SIN,Asia Pacific,Singapore,29 ms
46.232.111.35,3443,TRUE,SIN,Asia Pacific,Singapore,55 ms
155.117.82.58,10600,TRUE,TPE,Asia Pacific,Taipei,239 ms
183.236.51.220,7003,TRUE,TPE,Asia Pacific,Taipei,38 ms
183.236.51.201,7001,TRUE,TPE,Asia Pacific,Taipei,38 ms
183.236.51.220,7004,TRUE,TPE,Asia Pacific,Taipei,41 ms
183.236.51.220,7001,TRUE,TPE,Asia Pacific,Taipei,43 ms
183.236.51.201,7004,TRUE,TPE,Asia Pacific,Taipei,43 ms
183.236.51.220,7005,TRUE,TPE,Asia Pacific,Taipei,44 ms
183.236.51.201,7005,TRUE,TPE,Asia Pacific,Taipei,44 ms
183.236.51.201,7006,TRUE,TPE,Asia Pacific,Taipei,46 ms
172.104.110.10,555,TRUE,NRT,Asia Pacific,Tokyo,197 ms
210.22.131.196,63443,TRUE,NRT,Asia Pacific,Tokyo,22 ms
182.149.148.142,1235,TRUE,NRT,Asia Pacific,Tokyo,23 ms
139.162.83.106,386,TRUE,NRT,Asia Pacific,Tokyo,232 ms
119.4.52.23,1235,TRUE,NRT,Asia Pacific,Tokyo,25 ms
61.96.248.252,30021,TRUE,NRT,Asia Pacific,Tokyo,256 ms
171.213.2.189,1235,TRUE,NRT,Asia Pacific,Tokyo,27 ms
171.88.37.205,1235,TRUE,NRT,Asia Pacific,Tokyo,37 ms
103.117.103.62,18443,TRUE,NRT,Asia Pacific,Tokyo,55 ms
46.3.44.155,7443,TRUE,NRT,Asia Pacific,Tokyo,57 ms
154.36.183.95,1011,TRUE,NRT,Asia Pacific,Tokyo,58 ms
154.31.117.24,27001,TRUE,NRT,Asia Pacific,Tokyo,61 ms
47.245.30.157,3094,TRUE,NRT,Asia Pacific,Tokyo,71 ms
35.76.141.131,10029,TRUE,NRT,Asia Pacific,Tokyo,72 ms
13.113.113.240,10005,TRUE,NRT,Asia Pacific,Tokyo,73 ms
35.76.141.131,10005,TRUE,NRT,Asia Pacific,Tokyo,75 ms
52.193.217.77,12139,TRUE,NRT,Asia Pacific,Tokyo,75 ms
13.114.81.83,10030,TRUE,NRT,Asia Pacific,Tokyo,82 ms
